original_index,original_class,success,boundary_x1,boundary_x2,distance,method,neutrality,proximity_l2,flip_correct
0,0.0,False,-1.7726617,1.6614228,0.7071061,fgsm,,,False
1,0.0,False,-2.014898,-0.5346371,0.7071061,fgsm,,,False
2,0.0,False,-2.8907936,2.331408,0.7071062,fgsm,,,False
3,0.0,False,-4.8416,-1.1895809,0.7071145,fgsm,,,False
4,1.0,False,2.763033,1.5995908,0.7071061,fgsm,,,False
5,1.0,False,3.31075,3.8823423,0.7071125,fgsm,,,False
6,0.0,False,-2.613818,1.2868634,0.7071062,fgsm,,,False
7,1.0,False,3.0885456,1.5918269,0.7071061,fgsm,,,False
8,1.0,False,0.3717246,2.00902,0.7071061,fgsm,,,False
9,0.0,False,-3.0697694,0.18601531,0.7071065,fgsm,,,False
10,1.0,False,4.6395555,-0.17643376,0.7071149,fgsm,,,False
11,1.0,False,2.2238717,2.6133645,0.7071061,fgsm,,,False
12,1.0,False,3.3845382,1.8992846,0.7071061,fgsm,,,False
13,0.0,False,-2.562358,2.8597355,0.7071061,fgsm,,,False
14,1.0,False,3.3983307,2.8810842,0.7071061,fgsm,,,False
15,0.0,False,-1.9385209,0.074938625,0.70710635,fgsm,,,False
16,0.0,False,-4.100008,2.3000076,0.70711464,fgsm,,,False
17,0.0,False,-2.3846219,1.2322837,0.7071061,fgsm,,,False
18,1.0,False,3.152357,1.0335188,0.7071061,fgsm,,,False
19,1.0,False,4.1885443,-0.32552797,0.7071149,fgsm,,,False
20,0.0,False,-3.2651997,-0.21427178,0.7071062,fgsm,,,False
21,1.0,False,2.7168672,1.209589,0.7071061,fgsm,,,False
22,0.0,False,-1.2163972,1.1091923,0.7071061,fgsm,,,False
23,0.0,False,-4.202033,1.410687,0.7071145,fgsm,,,False
24,1.0,False,3.9820104,0.2693718,0.7071142,fgsm,,,False
25,0.0,False,0.21361007,0.69115096,0.70710653,fgsm,,,False
26,1.0,False,3.9148653,2.404683,0.707113,fgsm,,,False
27,0.0,False,-3.590338,0.4154711,0.7071079,fgsm,,,False
28,0.0,False,-3.6961968,1.3381943,0.70710933,fgsm,,,False
29,0.0,False,-1.9068446,-1.1037601,0.7071061,fgsm,,,False
30,0.0,False,-2.4441326,-0.6964692,0.7071061,fgsm,,,False
31,0.0,False,-4.6124334,0.65016216,0.70711464,fgsm,,,False
32,1.0,False,2.7936053,1.1479234,0.7071061,fgsm,,,False
33,1.0,False,4.407663,0.45982927,0.7071145,fgsm,,,False
34,1.0,False,2.3617342,2.8257985,0.7071061,fgsm,,,False
35,1.0,False,3.4144533,2.230474,0.7071061,fgsm,,,False
36,1.0,False,3.5027957,1.0088053,0.7071061,fgsm,,,False
37,0.0,False,-1.6226578,-0.41673392,0.7071061,fgsm,,,False
38,0.0,False,-2.824574,-0.20193474,0.7071062,fgsm,,,False
39,0.0,False,-1.1045984,0.44842717,0.70710635,fgsm,,,False
40,0.0,False,-1.6520143,-0.012367155,0.7071063,fgsm,,,False
41,1.0,False,2.2345364,3.2082422,0.7071061,fgsm,,,False
42,0.0,False,-1.9459653,1.7607539,0.7071061,fgsm,,,False
43,1.0,False,5.0934987,3.1657348,0.7071145,fgsm,,,False
44,1.0,False,1.4838625,2.6559174,0.7071061,fgsm,,,False
45,0.0,False,-1.8391125,0.3562186,0.7071064,fgsm,,,False
46,1.0,False,2.9992101,2.8444507,0.7071061,fgsm,,,False
47,0.0,False,-2.750429,1.3372276,0.7071062,fgsm,,,False
48,1.0,False,3.6571963,1.618284,0.7071086,fgsm,,,False
49,0.0,False,-0.90369976,-0.23427275,0.7071061,fgsm,,,False
50,1.0,False,4.303573,3.44411,0.7071145,fgsm,,,False
51,1.0,False,2.6915483,0.7712146,0.7071061,fgsm,,,False
52,0.0,False,-3.1082458,0.47980487,0.70710635,fgsm,,,False
53,0.0,False,-2.1245623,0.06925173,0.70710635,fgsm,,,False
54,0.0,False,-2.9705954,1.0007082,0.7071061,fgsm,,,False
55,0.0,False,-3.3589606,0.25794184,0.70710653,fgsm,,,False
56,0.0,False,-2.3419125,0.60266554,0.70710623,fgsm,,,False
57,1.0,False,3.3948545,1.5674253,0.7071061,fgsm,,,False
58,1.0,False,2.4352105,2.578102,0.7071061,fgsm,,,False
59,1.0,False,4.5672646,2.1408699,0.7071145,fgsm,,,False
60,1.0,False,2.0100641,-0.13946126,0.7071064,fgsm,,,False
61,0.0,False,-3.6917484,1.7875302,0.70710933,fgsm,,,False
62,1.0,False,4.93942,2.6511006,0.7071145,fgsm,,,False
63,0.0,False,-2.9628654,0.24850711,0.70710653,fgsm,,,False
64,1.0,False,2.7065823,1.2253574,0.7071061,fgsm,,,False
65,0.0,False,-2.61715,-0.15215996,0.70710623,fgsm,,,False
66,0.0,False,-1.7718837,0.99397147,0.7071061,fgsm,,,False
67,1.0,False,2.6698866,1.4758725,0.7071061,fgsm,,,False
68,1.0,False,3.5679374,3.1314456,0.7071071,fgsm,,,False
69,0.0,False,-1.7007167,0.58274025,0.7071063,fgsm,,,False
70,1.0,False,4.436433,0.16414212,0.70711464,fgsm,,,False
71,0.0,True,-0.061799463,1.9800203,0.45137852,fgsm+growing_spheres,0.0010642409324645996,0.4513785243034363,True
72,0.0,False,-1.4625744,1.724375,0.7071061,fgsm,,,False
73,1.0,False,1.0847636,0.97664356,0.7071061,fgsm,,,False
74,1.0,False,3.6044617,4.3141747,0.70711625,fgsm,,,False
75,1.0,False,3.3682768,1.5507758,0.7071061,fgsm,,,False
76,1.0,False,3.169231,1.8286126,0.7071061,fgsm,,,False
77,1.0,False,3.0148287,3.6956942,0.70710933,fgsm,,,False
78,1.0,False,3.0306878,1.6620853,0.7071061,fgsm,,,False
79,1.0,False,3.2821846,3.6696649,0.7071088,fgsm,,,False
80,0.0,False,-3.3700829,1.5432659,0.7071061,fgsm,,,False
81,0.0,False,-1.1850315,-0.70891976,0.7071061,fgsm,,,False
82,1.0,False,2.7346084,0.92130387,0.7071061,fgsm,,,False
83,1.0,False,3.5835524,2.013411,0.7071075,fgsm,,,False
84,0.0,False,-3.674044,1.8118982,0.707109,fgsm,,,False
85,0.0,False,-2.0067153,1.2220505,0.7071061,fgsm,,,False
86,0.0,False,-4.2398815,1.1237807,0.7071145,fgsm,,,False
87,0.0,False,-2.0707161,1.5391029,0.7071061,fgsm,,,False
88,0.0,False,-2.802366,-1.2504785,0.7071061,fgsm,,,False
89,1.0,False,1.4589033,3.7233567,0.7071098,fgsm,,,False
90,1.0,False,3.571934,1.088963,0.7071073,fgsm,,,False
91,1.0,False,5.327891,3.5240602,0.7071149,fgsm,,,False
92,0.0,False,-2.7090046,-0.059680752,0.7071063,fgsm,,,False
93,1.0,False,5.0713024,1.7982337,0.7071145,fgsm,,,False
94,0.0,False,-1.4667659,-0.1261897,0.70710623,fgsm,,,False
95,1.0,False,2.5735953,2.6854,0.7071061,fgsm,,,False
96,1.0,False,2.9931002,-0.42379376,0.70710635,fgsm,,,False
97,0.0,False,-3.1206722,-1.599086,0.7071061,fgsm,,,False
98,0.0,False,-3.3846676,0.20007688,0.7071065,fgsm,,,False
99,1.0,False,1.0530306,1.9713256,0.7071061,fgsm,,,False
100,0.0,False,-1.031903,0.26168132,0.7071065,fgsm,,,False
101,1.0,False,1.7770152,2.6771421,0.7071061,fgsm,,,False
102,1.0,False,3.2529428,3.984478,0.7071142,fgsm,,,False
103,1.0,False,4.969757,2.1929939,0.7071145,fgsm,,,False
104,1.0,False,3.2500784,3.261994,0.7071061,fgsm,,,False
105,0.0,False,-1.4502546,1.9644192,0.7071061,fgsm,,,False
106,1.0,False,4.650023,1.0994723,0.7071145,fgsm,,,False
107,1.0,False,3.6239734,0.21671522,0.7071082,fgsm,,,False
108,0.0,False,-4.1477795,-0.6030687,0.7071145,fgsm,,,False
109,1.0,False,2.628912,0.5452292,0.7071061,fgsm,,,False
110,0.0,False,-3.4383879,-1.1670787,0.7071061,fgsm,,,False
111,0.0,False,-3.0663042,-0.067356825,0.7071063,fgsm,,,False
112,1.0,False,2.9987035,1.0083821,0.7071061,fgsm,,,False
113,1.0,False,1.3655409,3.6870909,0.70710915,fgsm,,,False
114,1.0,False,2.3430517,0.5710566,0.7071061,fgsm,,,False
115,1.0,False,1.9048872,3.967153,0.70711386,fgsm,,,False
116,1.0,False,4.857,2.2805378,0.7071145,fgsm,,,False
117,1.0,False,3.0213373,3.1194093,0.7071061,fgsm,,,False
118,0.0,False,-3.02327,0.8708397,0.7071061,fgsm,,,False
119,0.0,False,-2.3761308,1.1941462,0.7071061,fgsm,,,False
120,0.0,False,-3.1295114,1.1160592,0.7071061,fgsm,,,False
121,0.0,False,-1.6450028,-0.26203477,0.7071061,fgsm,,,False
122,1.0,False,6.061818,1.963814,0.7071145,fgsm,,,False
123,1.0,False,6.623359,3.2796078,0.7071145,fgsm,,,False
124,1.0,False,6.076187,2.131886,0.7071145,fgsm,,,False
125,1.0,False,3.5192177,1.9631069,0.7071063,fgsm,,,False
126,0.0,False,-3.483982,2.0975366,0.7071061,fgsm,,,False
127,1.0,False,3.4092221,2.8533528,0.7071061,fgsm,,,False
128,0.0,False,-3.167217,0.4839955,0.7071063,fgsm,,,False
129,0.0,False,-2.1777964,1.263337,0.7071062,fgsm,,,False
130,1.0,False,5.9380655,2.2076564,0.7071145,fgsm,,,False
131,1.0,False,4.1934333,2.5648015,0.7071145,fgsm,,,False
132,1.0,False,3.3214657,2.0999963,0.7071061,fgsm,,,False
133,0.0,False,-3.4079778,-2.1213057,0.7071061,fgsm,,,False
134,0.0,False,-3.8177516,-0.84815216,0.70711136,fgsm,,,False
135,0.0,False,-2.765081,1.075314,0.7071062,fgsm,,,False
136,1.0,False,3.7065187,2.0324,0.70710945,fgsm,,,False
137,1.0,False,3.6438146,0.71359265,0.70710844,fgsm,,,False
138,0.0,False,-1.8500636,0.10672538,0.70710635,fgsm,,,False
139,1.0,False,3.492969,1.2501677,0.7071061,fgsm,,,False
140,0.0,True,0.16328244,1.2852416,0.29244107,fgsm,1.531839370727539e-05,0.2924410402774811,True
141,1.0,False,5.52134,3.9677448,0.70712227,fgsm,,,False
142,0.0,False,-1.9811714,1.2389295,0.7071062,fgsm,,,False
143,1.0,False,1.8315485,2.8722918,0.7071061,fgsm,,,False
144,0.0,False,-3.1749864,1.2782375,0.7071061,fgsm,,,False
145,1.0,False,4.4138274,1.5157506,0.7071145,fgsm,,,False
146,1.0,False,2.8099144,2.4761755,0.7071061,fgsm,,,False
147,1.0,False,3.0408523,2.8213568,0.7071061,fgsm,,,False
148,0.0,False,-3.861425,0.60753745,0.7071124,fgsm,,,False
149,0.0,False,-4.0646124,0.13689493,0.7071148,fgsm,,,False
150,1.0,False,4.0568676,1.4589787,0.7071145,fgsm,,,False
151,0.0,False,-1.7210848,-1.4378585,0.7071061,fgsm,,,False
152,0.0,False,-3.4033191,0.24378511,0.70710653,fgsm,,,False
153,0.0,False,-1.6589253,1.4370005,0.7071061,fgsm,,,False
154,1.0,False,2.5192351,2.1829877,0.7071061,fgsm,,,False
155,0.0,False,-1.7685294,-0.34374046,0.7071061,fgsm,,,False
156,1.0,False,3.6562293,1.6219759,0.7071086,fgsm,,,False
157,0.0,False,-2.208519,2.0864918,0.7071062,fgsm,,,False
158,1.0,False,3.4876647,2.3364606,0.7071061,fgsm,,,False
159,0.0,False,-4.301266,1.4741267,0.7071146,fgsm,,,False
160,0.0,False,-0.94435334,0.60038525,0.70710623,fgsm,,,False
161,0.0,False,-2.1561403,1.2975206,0.7071061,fgsm,,,False
162,0.0,False,-2.6488798,-0.78156114,0.7071061,fgsm,,,False
163,0.0,False,-1.5473568,1.136644,0.7071061,fgsm,,,False
164,0.0,False,-2.0172963,-1.157036,0.7071061,fgsm,,,False
165,0.0,False,-4.225665,1.5752214,0.7071145,fgsm,,,False
166,0.0,False,-2.9281418,-0.42693478,0.7071061,fgsm,,,False
167,1.0,False,3.4757576,1.8686464,0.7071061,fgsm,,,False
168,0.0,False,-2.6104915,0.74425215,0.7071062,fgsm,,,False
169,0.0,False,-3.2196245,0.24743596,0.70710653,fgsm,,,False
170,1.0,False,2.6121898,4.0295568,0.7071145,fgsm,,,False
171,1.0,False,2.1206868,3.2077131,0.7071061,fgsm,,,False
172,1.0,False,3.305891,2.0416756,0.7071061,fgsm,,,False
173,0.0,False,-3.2615047,-0.7721168,0.7071061,fgsm,,,False
174,1.0,False,3.6446743,1.8306358,0.70710844,fgsm,,,False
175,0.0,False,-2.0804415,0.35221624,0.7071064,fgsm,,,False
176,0.0,False,-2.857244,-0.43845904,0.7071061,fgsm,,,False
177,1.0,False,1.5291746,2.1198351,0.7071061,fgsm,,,False
178,0.0,False,-0.10131339,0.70446336,0.7071063,fgsm,,,False
179,1.0,False,2.4646683,0.11419766,0.70710623,fgsm,,,False
180,1.0,False,1.447086,2.007664,0.7071061,fgsm,,,False
181,0.0,False,-2.6712942,-0.33987904,0.7071061,fgsm,,,False
182,0.0,False,-2.7698312,-0.26329458,0.7071061,fgsm,,,False
183,0.0,False,-0.9674393,0.6289363,0.70710623,fgsm,,,False
184,0.0,False,-4.733286,1.6749101,0.7071145,fgsm,,,False
185,1.0,False,4.1953487,0.8450024,0.7071145,fgsm,,,False
186,1.0,False,2.7250226,3.203228,0.7071061,fgsm,,,False
187,0.0,False,-1.5779715,1.6592221,0.7071061,fgsm,,,False
188,0.0,False,-3.106735,2.3180456,0.7071061,fgsm,,,False
189,0.0,False,-2.9703777,1.1457652,0.7071062,fgsm,,,False
190,1.0,False,2.897243,2.006151,0.7071061,fgsm,,,False
191,0.0,False,-4.231846,-0.6833806,0.7071145,fgsm,,,False
192,1.0,False,3.9893527,3.5491838,0.7071149,fgsm,,,False
193,0.0,False,-3.761168,0.07403067,0.70711076,fgsm,,,False
194,0.0,False,-2.3887281,-1.991102,0.7071061,fgsm,,,False
195,1.0,False,3.1197875,1.6057355,0.7071061,fgsm,,,False
196,1.0,False,4.916942,2.147988,0.7071145,fgsm,,,False
197,1.0,False,1.2982659,0.6827841,0.7071061,fgsm,,,False
198,0.0,False,-1.1139517,1.1734617,0.7071061,fgsm,,,False
199,1.0,False,2.6665213,2.8854182,0.7071061,fgsm,,,False
200,1.0,False,3.0248237,1.7725945,0.7071061,fgsm,,,False
201,0.0,False,-4.611518,-1.1012034,0.7071145,fgsm,,,False
202,1.0,False,4.5909867,1.6260908,0.7071145,fgsm,,,False
203,1.0,False,1.6507828,3.5472817,0.70710677,fgsm,,,False
204,1.0,False,1.5520089,2.2880158,0.7071061,fgsm,,,False
205,1.0,False,3.3511302,3.252133,0.7071061,fgsm,,,False
206,1.0,False,3.7558234,2.292588,0.70711035,fgsm,,,False
207,1.0,False,2.667748,2.199851,0.7071061,fgsm,,,False
208,0.0,False,-2.33939,0.5891634,0.70710623,fgsm,,,False
209,0.0,False,-4.1220365,-0.7238432,0.7071145,fgsm,,,False
210,1.0,False,4.1895514,1.1411699,0.7071145,fgsm,,,False
211,0.0,False,-2.4332435,-1.0970798,0.7071061,fgsm,,,False
212,0.0,False,-3.487886,1.1117204,0.7071061,fgsm,,,False
213,0.0,False,-2.892828,1.2014422,0.7071062,fgsm,,,False
214,1.0,False,2.1206794,2.7344725,0.7071061,fgsm,,,False
215,0.0,False,-2.9874694,0.025069159,0.7071063,fgsm,,,False
216,1.0,False,1.6059306,2.723729,0.7071061,fgsm,,,False
217,1.0,False,2.6496115,1.1326114,0.7071061,fgsm,,,False
218,1.0,False,5.053603,0.57397723,0.7071145,fgsm,,,False
219,0.0,False,-3.0582547,-0.7293054,0.7071061,fgsm,,,False
220,0.0,False,-4.947108,2.2186656,0.70711464,fgsm,,,False
221,0.0,False,-3.9065828,-1.4122101,0.70711285,fgsm,,,False
222,0.0,False,-1.2849437,0.85068095,0.7071061,fgsm,,,False
223,0.0,False,-2.2488925,0.15765662,0.7071064,fgsm,,,False
224,1.0,False,4.232057,3.5351198,0.70711505,fgsm,,,False
225,1.0,False,2.2196734,1.9316375,0.7071061,fgsm,,,False
226,1.0,False,5.4174056,2.1059575,0.7071145,fgsm,,,False
227,0.0,False,-2.289376,0.53905934,0.7071063,fgsm,,,False
228,0.0,False,-4.03151,1.4656303,0.7071145,fgsm,,,False
229,0.0,False,-3.0874104,0.34258822,0.7071064,fgsm,,,False
230,1.0,False,3.5847669,0.6858455,0.7071075,fgsm,,,False
231,0.0,False,-1.2135165,-0.07048221,0.7071063,fgsm,,,False
232,0.0,False,-2.304266,-0.4518699,0.7071061,fgsm,,,False
233,1.0,False,3.5458407,2.902167,0.70710677,fgsm,,,False
234,0.0,False,-5.3491845,-0.746822,0.7071145,fgsm,,,False
235,1.0,False,2.5037663,1.7998762,0.7071061,fgsm,,,False
236,0.0,False,-3.2935529,1.305184,0.7071061,fgsm,,,False
237,1.0,False,3.1749651,0.9472501,0.7071061,fgsm,,,False
238,0.0,False,-1.9417481,1.6044616,0.7071061,fgsm,,,False
239,1.0,False,2.2463882,2.8103652,0.7071061,fgsm,,,False
240,0.0,False,-2.3175774,1.3751948,0.7071062,fgsm,,,False
241,0.0,False,-1.4536103,0.31057963,0.7071065,fgsm,,,False
242,0.0,False,-3.4610732,-1.0011501,0.7071061,fgsm,,,False
243,0.0,False,-4.6163726,-0.24232619,0.7071145,fgsm,,,False
244,1.0,False,3.8967178,3.2376173,0.70711267,fgsm,,,False
245,1.0,False,2.2915134,0.6047354,0.7071061,fgsm,,,False
246,1.0,False,0.615525,1.2052351,0.7071061,fgsm,,,False
247,1.0,False,1.9679923,2.8395324,0.7071061,fgsm,,,False
248,1.0,False,1.8945704,0.66600513,0.7071061,fgsm,,,False
249,0.0,False,-1.9089801,0.39353067,0.70710635,fgsm,,,False
250,1.0,False,3.8642616,3.6281285,0.7071142,fgsm,,,False
251,0.0,False,-3.8821497,0.40278104,0.7071128,fgsm,,,False
252,0.0,False,-3.7792351,0.16943297,0.707111,fgsm,,,False
253,1.0,False,4.06034,2.5486557,0.7071145,fgsm,,,False
254,1.0,False,3.0321786,1.0854485,0.7071061,fgsm,,,False
255,0.0,False,-2.250115,0.24538001,0.70710653,fgsm,,,False
256,1.0,False,4.5347667,1.3066757,0.7071145,fgsm,,,False
257,1.0,False,2.4721458,0.5283519,0.7071061,fgsm,,,False
258,0.0,False,-0.91456854,1.7223307,0.7071061,fgsm,,,False
259,0.0,False,-3.1024106,-0.5704651,0.7071061,fgsm,,,False
260,0.0,False,-1.8037565,1.8925916,0.7071061,fgsm,,,False
261,0.0,False,-3.2080138,1.3070744,0.7071061,fgsm,,,False
262,0.0,False,-2.299334,-0.96443045,0.7071061,fgsm,,,False
263,1.0,False,3.9990828,2.007624,0.70711434,fgsm,,,False
264,0.0,False,-1.2949004,2.2693417,0.7071061,fgsm,,,False
265,0.0,False,-2.912147,-0.1546978,0.70710623,fgsm,,,False
266,0.0,False,-3.3645606,1.7632297,0.7071061,fgsm,,,False
267,1.0,False,2.9001071,3.322638,0.7071061,fgsm,,,False
268,1.0,False,4.2909617,1.8676517,0.7071145,fgsm,,,False
269,0.0,False,-2.580704,0.101206265,0.70710635,fgsm,,,False
270,0.0,False,-1.3460218,-0.27629983,0.7071061,fgsm,,,False
271,0.0,False,-2.2254817,0.898802,0.7071061,fgsm,,,False
272,1.0,False,3.0098343,0.44079798,0.7071061,fgsm,,,False
273,1.0,False,2.9198916,1.6657436,0.7071061,fgsm,,,False
274,1.0,False,5.1169515,3.0220685,0.7071145,fgsm,,,False
275,1.0,False,1.2658832,1.6873128,0.7071061,fgsm,,,False
276,1.0,False,1.6904037,3.305779,0.7071061,fgsm,,,False
277,0.0,False,-2.0970156,-0.033938095,0.7071063,fgsm,,,False
278,0.0,False,-4.750301,0.65590274,0.70711464,fgsm,,,False
279,0.0,False,-0.8953525,0.3962569,0.70710635,fgsm,,,False
280,1.0,False,2.5334365,2.2993987,0.7071061,fgsm,,,False
281,1.0,False,2.4532707,0.7205837,0.7071061,fgsm,,,False
282,0.0,False,-3.6186182,-0.11805991,0.70710814,fgsm,,,False
283,0.0,False,-1.8120389,-0.8058753,0.7071061,fgsm,,,False
284,1.0,False,3.9757211,4.525557,0.70712245,fgsm,,,False
285,1.0,False,3.8092508,2.4289417,0.7071112,fgsm,,,False
286,0.0,False,-1.6244221,0.27466103,0.7071065,fgsm,,,False
287,0.0,False,-4.1883307,0.21524532,0.70711493,fgsm,,,False
288,0.0,False,-3.008237,0.7615701,0.7071061,fgsm,,,False
289,1.0,False,4.306393,1.5092256,0.7071145,fgsm,,,False
290,0.0,False,-3.2204766,-1.4058673,0.7071061,fgsm,,,False
291,0.0,False,-2.2745936,-1.5359242,0.7071061,fgsm,,,False
292,1.0,False,3.593848,0.84956765,0.7071076,fgsm,,,False
293,1.0,False,0.42142463,3.249227,0.7071061,fgsm,,,False
294,0.0,False,-1.6346338,1.0915825,0.7071061,fgsm,,,False
295,0.0,False,-2.862789,-0.22023286,0.7071062,fgsm,,,False
296,1.0,False,3.5052195,1.9115338,0.7071061,fgsm,,,False
297,1.0,False,2.8205187,1.7331429,0.7071061,fgsm,,,False
298,1.0,False,2.7230773,2.5974836,0.7071061,fgsm,,,False
299,0.0,False,-2.7478726,0.19198589,0.7071065,fgsm,,,False
300,0.0,False,-2.852018,0.32116383,0.7071064,fgsm,,,False
301,1.0,False,3.4831562,0.622422,0.7071061,fgsm,,,False
302,0.0,False,-2.9982982,-0.099223636,0.70710623,fgsm,,,False
303,0.0,False,-2.6007366,1.221354,0.7071062,fgsm,,,False
304,1.0,False,3.6925352,1.4140395,0.70710933,fgsm,,,False
305,0.0,False,-1.9279468,2.2103474,0.7071061,fgsm,,,False
306,0.0,False,-2.0319924,-0.76169217,0.7071061,fgsm,,,False
307,0.0,False,0.40777844,0.3576466,0.70710665,fgsm,,,False
308,0.0,False,-1.464048,-0.44411135,0.7071061,fgsm,,,False
309,1.0,False,3.248,2.8054395,0.7071061,fgsm,,,False
310,1.0,False,3.2148674,0.26997703,0.7071061,fgsm,,,False
311,0.0,False,-1.289893,-1.074665,0.7071061,fgsm,,,False
312,1.0,False,2.263192,4.9170465,0.7071145,fgsm,,,False
313,1.0,False,3.687613,1.0504698,0.70710915,fgsm,,,False
314,0.0,False,-3.3179533,-0.14100416,0.70710623,fgsm,,,False
315,1.0,False,2.7009978,2.4998102,0.7071061,fgsm,,,False
316,0.0,False,-2.101596,0.31389806,0.7071065,fgsm,,,False
317,1.0,False,3.3107667,2.444008,0.7071061,fgsm,,,False
318,1.0,False,2.0887353,3.9644217,0.70711386,fgsm,,,False
319,0.0,False,-3.7473307,-1.5038099,0.70711017,fgsm,,,False
320,0.0,False,-2.3709524,-0.64431024,0.7071061,fgsm,,,False
321,0.0,False,-3.325987,0.9170122,0.7071061,fgsm,,,False
322,1.0,False,3.82477,2.2678537,0.7071115,fgsm,,,False
323,1.0,False,1.8788662,2.7926369,0.7071061,fgsm,,,False
324,0.0,False,-5.5744066,0.63707966,0.70711464,fgsm,,,False
325,0.0,False,-2.5136988,-0.22660454,0.7071062,fgsm,,,False
326,1.0,False,2.3595092,1.6515484,0.7071061,fgsm,,,False
327,0.0,False,-5.5270925,1.308436,0.7071146,fgsm,,,False
328,1.0,False,4.380006,1.4433651,0.7071145,fgsm,,,False
329,1.0,False,3.2192898,0.7569938,0.7071061,fgsm,,,False
330,1.0,False,2.1681068,1.8617673,0.7071061,fgsm,,,False
331,1.0,False,3.2229707,3.101627,0.7071061,fgsm,,,False
332,1.0,False,2.9273634,3.874316,0.7071124,fgsm,,,False
333,1.0,False,1.0373496,3.9040103,0.70711285,fgsm,,,False
334,0.0,False,-1.1500852,1.3504288,0.7071062,fgsm,,,False
335,1.0,False,1.7673342,1.2258856,0.7071061,fgsm,,,False
336,1.0,False,4.2932897,4.1345143,0.707123,fgsm,,,False
337,1.0,False,2.1953201,0.27658427,0.7071061,fgsm,,,False
338,0.0,False,-3.6047668,0.33892122,0.70710814,fgsm,,,False
339,0.0,False,-3.3262377,1.2267269,0.7071062,fgsm,,,False
340,0.0,False,-1.4686645,0.8379034,0.7071061,fgsm,,,False
341,0.0,False,-1.7756371,-1.0226438,0.7071061,fgsm,,,False
342,1.0,False,2.5852716,2.1190925,0.7071061,fgsm,,,False
343,0.0,False,-2.6478903,-1.603939,0.7071061,fgsm,,,False
344,0.0,False,-4.1463575,0.8479414,0.7071145,fgsm,,,False
345,1.0,False,2.6145153,2.0960293,0.7071061,fgsm,,,False
346,1.0,False,3.9555728,2.887709,0.7071137,fgsm,,,False
347,1.0,False,4.0719347,0.84571147,0.7071145,fgsm,,,False
348,0.0,False,-1.0675892,1.7989861,0.7071061,fgsm,,,False
349,0.0,False,-2.4916425,-0.3185379,0.7071061,fgsm,,,False
350,1.0,False,4.4047523,2.5793242,0.7071145,fgsm,,,False
351,1.0,False,3.7023325,2.7286818,0.70710945,fgsm,,,False
352,1.0,False,2.999771,0.8700932,0.7071061,fgsm,,,False
353,1.0,False,3.7383072,4.099206,0.7071184,fgsm,,,False
354,0.0,False,-2.9747412,-1.5213797,0.7071061,fgsm,,,False
355,0.0,False,-3.5172904,1.7897624,0.7071063,fgsm,,,False
356,1.0,False,3.851116,1.2822489,0.707112,fgsm,,,False
357,0.0,False,-1.9931314,1.3308061,0.7071061,fgsm,,,False
358,0.0,False,-3.3100688,2.5970328,0.7071061,fgsm,,,False
359,1.0,False,2.5284379,0.5432807,0.7071061,fgsm,,,False
360,1.0,False,5.015255,1.5144525,0.7071145,fgsm,,,False
361,0.0,False,-1.113451,3.0719204,0.7071061,fgsm,,,False
362,0.0,False,-2.321358,0.56294054,0.7071063,fgsm,,,False
363,0.0,False,-3.0800664,0.5439604,0.7071063,fgsm,,,False
364,1.0,False,4.110161,1.0696437,0.7071145,fgsm,,,False
365,0.0,False,-1.5706131,1.8658324,0.7071061,fgsm,,,False
366,1.0,False,3.2553623,1.4795896,0.7071061,fgsm,,,False
367,0.0,False,-0.50471866,1.4359223,0.7071062,fgsm,,,False
368,0.0,False,-2.1396677,0.13314398,0.7071064,fgsm,,,False
369,0.0,False,-3.2720468,-0.32934237,0.7071061,fgsm,,,False
370,0.0,False,-2.5499887,1.3452139,0.7071062,fgsm,,,False
371,0.0,False,-0.73304987,1.2232136,0.7071061,fgsm,,,False
372,1.0,False,3.932772,1.7327378,0.7071134,fgsm,,,False
373,1.0,False,3.7326982,0.22492494,0.70711005,fgsm,,,False
374,1.0,False,3.9154227,1.8480136,0.707113,fgsm,,,False
375,1.0,False,3.374557,1.135541,0.7071061,fgsm,,,False
376,1.0,False,3.9638453,0.36818922,0.70711386,fgsm,,,False
377,1.0,False,3.7177613,1.612118,0.70710963,fgsm,,,False
378,0.0,False,-1.4811628,-1.7555883,0.7071061,fgsm,,,False
379,1.0,False,2.5909686,0.8971292,0.7071061,fgsm,,,False
380,1.0,False,2.5865636,1.5405276,0.7071061,fgsm,,,False
381,1.0,False,5.292098,3.2871737,0.7071145,fgsm,,,False
382,0.0,False,-1.3178711,-0.7433969,0.7071061,fgsm,,,False
383,1.0,False,3.8114474,2.3101187,0.70711136,fgsm,,,False
384,0.0,False,-3.5033388,1.0790551,0.7071061,fgsm,,,False
385,1.0,False,3.9753163,3.1204739,0.70711404,fgsm,,,False
386,1.0,False,3.5312493,1.5495946,0.7071066,fgsm,,,False
387,0.0,False,-3.655164,-0.31579596,0.7071086,fgsm,,,False
388,1.0,False,4.2337008,1.7149031,0.7071145,fgsm,,,False
389,0.0,False,-1.8649309,0.33234748,0.7071064,fgsm,,,False
390,1.0,False,4.5548005,2.3431716,0.7071145,fgsm,,,False
391,1.0,False,3.3433335,1.1683744,0.7071061,fgsm,,,False
392,1.0,False,3.8329952,1.0096902,0.70711166,fgsm,,,False
393,0.0,False,1.1157879,-0.7680187,0.7071061,fgsm,,,False
394,0.0,False,-4.888345,1.9962319,0.7071145,fgsm,,,False
395,1.0,False,2.7166038,1.4445271,0.7071061,fgsm,,,False
396,1.0,False,4.1817956,2.1471472,0.7071145,fgsm,,,False
397,1.0,False,3.210248,2.7395992,0.7071061,fgsm,,,False
398,0.0,False,-2.3694623,0.4491238,0.70710635,fgsm,,,False
399,0.0,False,-2.881979,0.68572986,0.7071062,fgsm,,,False
