num_feature,feature_1,feature_2,class,gs_success,radius_found,x_enemy_0,x_enemy_1,x_boundary_0,x_boundary_1,dist_x0_enemy,dist_x0_boundary
2,-0.13215556740760803,1.308233380317688,1,True,0.7,-0.1977108120918274,2.005156993865967,-0.19415953755378723,1.9674029350280762,0.699999988079071,0.6620793342590332
2,2.0766913890838623,-1.2033584117889404,1,True,1.0499999999999998,2.1839418411254883,-0.1588503122329712,2.1834354400634766,-0.16378486156463623,1.0499999523162842,1.045039415359497
2,2.484593391418457,1.6245657205581665,0,True,1.4,1.137131690979004,1.2446354627609253,1.1905441284179688,1.2596957683563232,1.399999976158142,1.344504952430725
2,0.5364372730255127,0.8065869212150574,1,True,1.0499999999999998,0.741088330745697,1.8364500999450684,0.7357703447341919,1.8096885681152344,1.0500000715255737,1.0227152109146118
2,0.2751461863517761,2.8383538722991943,0,True,1.0499999999999998,0.3797414004802704,1.7935764789581299,0.35395705699920654,2.0511298179626465,1.0499999523162842,0.7911592125892639
2,1.204681396484375,2.780449867248535,0,True,1.0499999999999998,0.5886374711990356,1.930161714553833,0.5994619131088257,1.9451022148132324,1.0499999523162842,1.031550407409668
2,4.127373695373535,-1.353987216949463,1,True,1.4,3.488830804824829,-0.10808873176574707,3.545686721801758,-0.21902278065681458,1.399999976158142,1.275344729423523
2,0.21944141387939453,2.7506470680236816,0,True,1.0499999999999998,-0.39988183975219727,1.9027446508407593,-0.3728201389312744,1.9397943019866943,1.0499999523162842,1.0041195154190063
2,1.3758139610290527,-1.042986273765564,1,True,1.4,1.8700979948043823,0.2668546438217163,1.8052918910980225,0.09512072801589966,1.399999976158142,1.2164452075958252
2,-1.2534096240997314,2.990790605545044,0,True,1.4,-0.6031138300895691,1.750986099243164,-0.6603000164031982,1.8600130081176758,1.399999976158142,1.2768856287002563
2,2.8739633560180664,0.36342859268188477,0,True,0.7,2.7583446502685547,-0.3269570469856262,2.763798236846924,-0.2943931818008423,0.699999988079071,0.6669826507568359
2,5.557491302490234,0.4797569215297699,1,True,1.4,4.335271835327148,1.1625299453735352,4.393102645874023,1.1302237510681152,1.399999737739563,1.3337571620941162
2,1.665755033493042,2.897057294845581,0,True,1.75,0.8116907477378845,1.3696167469024658,0.9343690872192383,1.5890192985534668,1.7500001192092896,1.4986289739608765
2,0.9068182110786438,2.7903878688812256,0,True,1.0499999999999998,0.3226358890533447,1.9179024696350098,0.41399794816970825,2.0543532371520996,1.0499998331069946,0.8857871294021606
2,-1.5743895769119263,2.369137763977051,0,True,1.0499999999999998,-0.6974189281463623,1.791710376739502,-0.7281442880630493,1.8119409084320068,1.0499999523162842,1.0132124423980713
2,2.5740838050842285,2.026538610458374,0,True,1.75,1.2344416379928589,0.9005460739135742,1.3249797821044922,0.97664475440979,1.7500001192092896,1.6317285299301147
2,1.8568096160888672,-1.9569836854934692,1,True,2.1,2.3251535892486572,0.0901252031326294,2.261587619781494,-0.187718003988266,2.1000001430511475,1.8149783611297607
2,5.6783881187438965,0.4762435853481293,1,True,1.4,4.299875259399414,0.7205849885940552,4.330095291137695,0.7152286767959595,1.4000002145767212,1.3693090677261353
2,0.3526901602745056,0.3165076971054077,1,True,1.4,1.734009027481079,0.5444512367248535,1.5449140071868896,0.513247013092041,1.399999976158142,1.2083475589752197
2,6.5070881843566895,0.9664977192878723,1,True,2.45,4.172266006469727,1.7088621854782104,4.467561721801758,1.6149718761444092,2.4499998092651367,2.140137195587158
2,1.2136788368225098,2.857179880142212,0,True,1.4,0.8704642057418823,1.4999018907546997,0.9029312133789062,1.628296136856079,1.399999976158142,1.267564296722412
2,3.2680091857910156,0.8632094860076904,0,True,1.0499999999999998,3.9830985069274902,0.09434837102890015,3.982604503631592,0.09487991034984589,1.0500000715255737,1.0492743253707886
2,6.2008376121521,1.664807915687561,1,True,1.75,4.819494247436523,2.7392334938049316,5.062773704528809,2.5500078201293945,1.75,1.441793441772461
2,1.763396978378296,-1.2827258110046387,1,True,1.4,2.1539688110351562,0.06168997287750244,2.098316192626953,-0.12987589836120605,1.4000000953674316,1.2005139589309692
2,3.1338868141174316,0.34087270498275757,0,True,0.7,3.218461036682129,-0.35399937629699707,3.2115674018859863,-0.2973593473434448,0.699999988079071,0.6429420113563538
2,6.147064208984375,1.676162600517273,1,True,1.4,5.020829677581787,2.5077850818634033,5.025678634643555,2.504204273223877,1.4000000953674316,1.3939722776412964
2,-0.8814407587051392,2.6613175868988037,0,True,1.0499999999999998,-0.6788932085037231,1.631038784980774,-0.7161312103271484,1.8204529285430908,1.0499999523162842,0.856960117816925
2,0.06712102890014648,-0.03373219445347786,1,True,1.75,1.7348923683166504,0.4963984787464142,1.5795252323150635,0.4470123052597046,1.7499998807907104,1.5869724750518799
2,1.359002947807312,-1.1184719800949097,1,True,1.4,2.3505029678344727,-0.13007545471191406,2.285372734069824,-0.19500190019607544,1.399999976158142,1.308035969734192
2,0.15611951053142548,2.6050655841827393,0,True,0.7,0.42386776208877563,1.9582960605621338,0.3843333125114441,2.053795337677002,0.699999988079071,0.596640944480896
2,6.4604973793029785,1.0163229703903198,1,True,2.1,5.123335838317871,2.6355819702148438,5.127749443054199,2.630237102508545,2.1000001430511475,2.0930685997009277
2,-3.3580210208892822,0.036344025284051895,0,True,1.75,-1.8420746326446533,-0.8379595875740051,-2.0064563751220703,-0.7431546449661255,1.7500001192092896,1.5602388381958008
2,1.872206449508667,-0.9747521877288818,1,True,1.0499999999999998,2.356283664703369,-0.04299616813659668,2.2784180641174316,-0.19287213683128357,1.0500000715255737,0.8811039924621582
2,2.024005651473999,2.294539451599121,0,True,1.4,0.8366491794586182,1.5527952909469604,0.9211320877075195,1.605571985244751,1.399999976158142,1.300386905670166
2,0.3477153480052948,-0.10366082191467285,1,True,1.4,1.7092132568359375,0.22241178154945374,1.698261022567749,0.2197887897491455,1.399999976158142,1.3887379169464111
2,-0.7574210166931152,3.0471763610839844,0,True,1.4,-0.029062330722808838,1.8515620231628418,-0.10779012739658356,1.980794906616211,1.399999976158142,1.2486752271652222
2,-0.13104850053787231,2.3697845935821533,0,True,0.7,0.22182875871658325,1.7652370929718018,0.07842239737510681,2.0109195709228516,0.7000000476837158,0.4155263900756836
2,5.348421096801758,-0.6913187503814697,1,True,1.75,3.714538097381592,-0.06448054313659668,3.7650561332702637,-0.08386173844337463,1.7499998807907104,1.6958916187286377
2,-2.5035407543182373,1.6446982622146606,0,True,1.4,-1.2100322246551514,1.1091279983520508,-1.284703254699707,1.140045166015625,1.399999976158142,1.3191814422607422
2,-1.5147467851638794,2.447551727294922,0,True,1.0499999999999998,-0.7928071618080139,1.685119390487671,-0.8321809768676758,1.7267017364501953,1.0499999523162842,0.9927340149879456
2,5.419469356536865,0.767855167388916,1,True,1.4,4.545961856842041,1.8619228601455688,4.558061599731445,1.8467671871185303,1.3999998569488525,1.3806065320968628
2,2.281733512878418,2.5470142364501953,0,True,1.75,0.7171577215194702,1.7630481719970703,0.7607378959655762,1.7848849296569824,1.7500001192092896,1.7012550830841064
2,0.8995632529258728,2.3933022022247314,0,True,0.7,0.45777639746665955,1.8503248691558838,0.5636000633239746,1.9803872108459473,0.699999988079071,0.5323251485824585
2,2.6715757846832275,2.1297130584716797,0,True,1.75,1.1608902215957642,1.2463505268096924,1.1886990070343018,1.2626118659973145,1.75,1.7177858352661133
2,0.35480937361717224,2.6334176063537598,0,True,0.7,0.10299521684646606,1.9802792072296143,0.11722072958946228,2.0171761512756348,0.7000001072883606,0.6604558229446411
2,6.010220050811768,0.6671410202980042,1,True,1.75,4.270495891571045,0.8565061092376709,4.350227355957031,0.8478275537490845,1.749999761581421,1.669797420501709
2,-2.1391100883483887,2.7701821327209473,0,True,1.75,-1.1045875549316406,1.3587067127227783,-1.1349141597747803,1.4000837802886963,1.7499998807907104,1.6986992359161377
2,-3.135666847229004,0.8367815017700195,0,True,1.75,-1.4818148612976074,0.2647033929824829,-1.5050456523895264,0.272739052772522,1.7499998807907104,1.7254185676574707
2,2.8814456462860107,0.7796928882598877,0,True,1.4,3.7505297660827637,-0.3178919553756714,3.6366047859191895,-0.17401283979415894,1.3999998569488525,1.2164785861968994
2,-3.1830086708068848,1.277886986732483,0,True,2.1,-1.1856263875961304,0.6294553279876709,-1.4152934551239014,0.704014778137207,2.0999999046325684,1.8585333824157715
2,2.787214756011963,2.1134684085845947,0,True,2.1,1.5571553707122803,0.41142427921295166,1.5809307098388672,0.44432246685028076,2.1000001430511475,2.0594100952148438
2,4.0258378982543945,-1.3040263652801514,1,True,1.4,3.251572847366333,-0.13761579990386963,3.342414379119873,-0.27446621656417847,1.399999976158142,1.2357434034347534
2,4.6356520652771,-0.607681930065155,1,True,1.0499999999999998,3.9364848136901855,0.1756858229637146,3.994997501373291,0.11012695729732513,1.0499999523162842,0.9621267914772034
2,1.1955485343933105,2.273468494415283,0,True,0.7,0.6176255345344543,1.8784937858581543,0.6465866565704346,1.8982868194580078,0.699999988079071,0.6649214029312134
2,5.2948713302612305,0.3701851963996887,1,True,1.0499999999999998,4.281574726104736,0.6453763842582703,4.317987442016602,0.6354871988296509,1.0500000715255737,1.0122684240341187
2,2.7673349380493164,1.8038090467453003,0,True,1.75,1.0879733562469482,1.3116254806518555,1.1461572647094727,1.3286778926849365,1.75,1.689368724822998
2,0.1003870889544487,0.5720147490501404,1,True,1.4,0.73825603723526,1.818258285522461,0.7345104217529297,1.8109400272369385,1.3999998569488525,1.3917787075042725
2,-2.675708770751953,1.4882246255874634,0,True,1.75,-0.9299362897872925,1.366659164428711,-1.1484227180480957,1.3818731307983398,1.7499998807907104,1.5309844017028809
2,3.0677380561828613,1.0819804668426514,0,True,1.4,4.159241199493408,0.20527023077011108,4.106660842895508,0.24750372767448425,1.399999976158142,1.3325583934783936
2,-2.91326642036438,1.9217945337295532,0,True,2.1,-1.2247536182403564,0.6732255220413208,-1.3961687088012695,0.7999783754348755,2.0999999046325684,1.8868112564086914
2,-1.4374244213104248,3.0279738903045654,0,True,1.75,-0.0528949499130249,1.957656979560852,-0.08720311522483826,1.9841790199279785,1.75,1.7066357135772705
2,2.52254319190979,-2.0514321327209473,1,True,2.1,3.1402225494384766,-0.0443267822265625,3.060985565185547,-0.30180227756500244,2.0999999046325684,1.8306077718734741
2,0.8893173933029175,-1.2372472286224365,1,True,1.75,1.7699699401855469,0.2750197649002075,1.7169640064239502,0.18399712443351746,1.7500001192092896,1.6446685791015625
2,1.4758632183074951,2.9703381061553955,0,True,1.4,0.4657496213912964,2.000972270965576,0.5022813081741333,2.0360302925109863,1.3999998569488525,1.3493674993515015
2,0.12323303520679474,3.1599669456481934,0,True,1.4,0.17287534475326538,1.7608474493026733,0.1635156273841858,2.024641513824463,1.399999976158142,1.1360398530960083
2,2.899905204772949,1.7502754926681519,0,True,1.75,4.632635593414307,1.505030870437622,4.453851699829102,1.5303354263305664,1.7499998807907104,1.5694340467453003
2,5.049463748931885,-0.9532440304756165,1,True,1.75,3.9355006217956543,0.39641743898391724,4.082718849182129,0.21804913878440857,1.75,1.5187242031097412
2,1.3147904872894287,-1.1502145528793335,1,True,1.4,2.2948436737060547,-0.15046656131744385,2.2590789794921875,-0.18694975972175598,1.4000000953674316,1.3489105701446533
2,5.221356391906738,1.6062601804733276,1,True,0.7,4.6735687255859375,2.0420680046081543,4.679532051086426,2.0373239517211914,0.6999998092651367,0.6923796534538269
2,0.649743378162384,2.921006202697754,0,True,1.0499999999999998,0.4631672501564026,1.8877158164978027,0.49080705642700195,2.0407896041870117,1.0499998331069946,0.8944506645202637
2,3.903613328933716,-1.258707880973816,1,True,1.4,3.146566867828369,-0.08104896545410156,3.279852867126465,-0.28838807344436646,1.399999976158142,1.153515338897705
2,-1.9316444396972656,2.472578525543213,0,True,1.4,-1.177110195159912,1.2933083772659302,-1.1924169063568115,1.3172316551208496,1.399999976158142,1.3715989589691162
2,2.849095582962036,0.06970329582691193,0,True,0.7,2.2808194160461426,-0.3390289545059204,2.4226269721984863,-0.23703432083129883,0.6999999284744263,0.5253221988677979
2,2.0051119327545166,2.4141838550567627,0,True,1.4,0.8181483745574951,1.6718108654022217,0.850684642791748,1.6921601295471191,1.4000000953674316,1.3616242408752441
2,6.0649518966674805,1.044495940208435,1,True,1.75,4.435455799102783,1.6826517581939697,4.481538772583008,1.664604663848877,1.7500001192092896,1.7005093097686768
2,0.4942167103290558,-0.5625479221343994,1,True,1.75,1.6508212089538574,0.7507554292678833,1.5064599514007568,0.5868360996246338,1.7499998807907104,1.5315743684768677
2,-0.027741288766264915,0.11228343844413757,1,True,1.75,-1.4203683137893677,1.1720428466796875,-1.307145357131958,1.0858824253082275,1.75,1.6077219247817993
2,5.3070502281188965,0.6084457635879517,1,True,1.0499999999999998,4.265174865722656,0.47807779908180237,4.294648170471191,0.4817658066749573,1.0500000715255737,1.0202969312667847
2,-3.0314741134643555,0.8029940128326416,0,True,1.75,-1.2860639095306396,0.9296557903289795,-1.3654921054840088,0.9238919019699097,1.75,1.670362949371338
2,2.1073038578033447,-1.6902401447296143,1,True,1.75,2.5044925212860107,0.01408994197845459,2.444812774658203,-0.24199479818344116,1.75,1.4870530366897583
2,2.848168134689331,0.12718510627746582,0,True,0.7,2.6797213554382324,-0.5522452592849731,2.744016647338867,-0.292911171913147,0.699999988079071,0.4328145384788513
2,2.6860923767089844,0.36088237166404724,0,True,0.7,2.4902732372283936,-0.3111703097820282,2.506633758544922,-0.255021870136261,0.6999999284744263,0.6415165066719055
2,-0.4528772234916687,1.6091922521591187,1,True,0.7,-0.4992944002151489,2.3076515197753906,-0.47379428148269653,1.9239401817321777,0.6999999284744263,0.31544220447540283
2,0.8502318263053894,-0.43500810861587524,1,True,1.4,1.718062162399292,0.6635684370994568,1.566572666168213,0.4717993140220642,1.399999976158142,1.1556141376495361
2,2.058741331100464,-1.2148523330688477,1,True,1.0499999999999998,2.3154516220092773,-0.19671690464019775,2.31369686126709,-0.20367586612701416,1.0499999523162842,1.0428231954574585
2,1.2650598287582397,2.5724570751190186,0,True,1.0499999999999998,0.7472848296165466,1.6589971780776978,0.7977818250656128,1.7480840682983398,1.0499999523162842,0.9475967884063721
2,1.2407697439193726,-0.6961408257484436,1,True,1.0499999999999998,1.881209373474121,0.1359269618988037,1.8328571319580078,0.07310722768306732,1.0499998331069946,0.9707266092300415
2,3.1732189655303955,-1.5032923221588135,1,True,1.4,3.5194203853607178,-0.146773099899292,3.4955272674560547,-0.2403937578201294,1.399999976158142,1.3033784627914429
2,0.010354498401284218,2.7696948051452637,0,True,1.0499999999999998,0.026834284886717796,1.719824194908142,0.022406768053770065,2.0018868446350098,1.0499999523162842,0.7679025530815125
2,0.7943013906478882,2.853821039199829,0,True,1.0499999999999998,0.30872178077697754,1.9228472709655762,0.37694960832595825,2.053656578063965,1.0499998331069946,0.9024664163589478
2,0.1897422820329666,0.03979913517832756,1,True,1.75,-1.4925788640975952,0.5217693448066711,-1.4526708126068115,0.5103360414505005,1.7499998807907104,1.7084864377975464
2,4.69740104675293,-0.46761322021484375,1,True,1.0499999999999998,4.053465843200684,0.36175233125686646,4.124822616577148,0.26984840631484985,1.0499998331069946,0.9336464405059814
2,-0.7679086327552795,2.930943727493286,0,True,1.0499999999999998,-0.5462534427642822,1.9046061038970947,-0.5470030307769775,1.9080772399902344,1.0499999523162842,1.046448826789856
2,0.6271404027938843,0.7487620711326599,1,True,1.0499999999999998,1.4621697664260864,1.3853354454040527,1.2233998775482178,1.203312635421753,1.0499998331069946,0.7497610449790955
2,-3.059335470199585,1.2932114601135254,0,True,1.75,-1.4157910346984863,0.6921610832214355,-1.4175145626068115,0.6927913427352905,1.75,1.7481648921966553
2,3.458862781524658,-1.6165170669555664,1,True,1.4,3.0373764038085938,-0.2814704179763794,3.043912887573242,-0.30217456817626953,1.4000000953674316,1.3782886266708374
2,5.4962568283081055,0.022034818306565285,1,True,1.4,4.274167537689209,0.7050409317016602,4.324294090270996,0.6770256757736206,1.3999998569488525,1.3425757884979248
2,5.966004848480225,0.536208987236023,1,True,1.75,4.2492804527282715,0.8758530020713806,4.351414680480957,0.8556463718414307,1.750000238418579,1.6458863019943237
2,-0.4925779402256012,-0.31304237246513367,1,True,1.4,-1.7316514253616333,0.33864524960517883,-1.525770664215088,0.23036277294158936,1.399999976158142,1.1673800945281982
2,0.9762482643127441,3.046234130859375,0,True,1.4,0.773893415927887,1.6609355211257935,0.7880375385284424,1.7577645778656006,1.3999998569488525,1.3021432161331177
2,0.6196348667144775,0.2345217913389206,1,True,1.0499999999999998,1.668399691581726,0.2854371666908264,1.6640663146972656,0.2852267622947693,1.0499999523162842,1.045661449432373
2,-0.07597499340772629,2.841905355453491,0,True,1.0499999999999998,-0.5435797572135925,1.9017746448516846,-0.5393558740615845,1.9102671146392822,1.0499999523162842,1.0405150651931763
2,3.2496917247772217,0.9073023796081543,0,True,1.4,4.147809028625488,-0.1666553020477295,3.955252170562744,0.06360208988189697,1.399999976158142,1.0998389720916748
2,1.5836907625198364,2.830942392349243,0,True,1.4,0.4420257806777954,2.0206332206726074,0.4756578207015991,2.0445032119750977,1.399999976158142,1.3587580919265747
2,-2.226893424987793,2.0641987323760986,0,True,1.4,-1.0634983777999878,1.285409927368164,-1.1670656204223633,1.3547391891479492,1.399999976158142,1.275369644165039
2,3.2287063598632812,0.9465863108634949,0,True,1.4,4.600113868713379,1.2280843257904053,4.401780128479004,1.1873738765716553,1.3999998569488525,1.1975311040878296
2,2.941411256790161,0.7502813339233398,0,True,1.4,2.5844027996063232,-0.6034338474273682,2.668537139892578,-0.28441089391708374,1.399999976158142,1.0700693130493164
2,-2.2828562259674072,3.077855348587036,0,True,2.1,-0.8107458353042603,1.580227017402649,-0.8964927196502686,1.6674604415893555,2.0999999046325684,1.9776798486709595
2,5.225911617279053,-0.25984588265419006,1,True,1.4,4.290901184082031,0.782150149345398,4.333112716674805,0.7351087331771851,1.4000000953674316,1.3367964029312134
2,5.684703826904297,-0.5613953471183777,1,True,1.75,4.223188877105713,0.40113991498947144,4.228628158569336,0.397558331489563,1.75,1.7434874773025513
2,-1.4895304441452026,3.0625414848327637,0,True,1.75,-0.3498193025588989,1.734551191329956,-0.5074117183685303,1.918177843093872,1.7499998807907104,1.508020281791687
2,6.0845489501953125,1.1108967065811157,1,True,1.75,4.5259599685668945,1.9066978693008423,4.579001426696777,1.8796155452728271,1.749999761581421,1.6904443502426147
2,2.188675880432129,-1.1172215938568115,1,True,1.0499999999999998,2.7941741943359375,-0.25939202308654785,2.76918363571167,-0.29479658603668213,1.0499998331069946,1.0066639184951782
2,6.049718856811523,0.4771471321582794,1,True,1.75,4.315567493438721,0.7121330499649048,4.329341888427734,0.7102665901184082,1.7499998807907104,1.7360996007919312
2,3.0271573066711426,-2.1164214611053467,1,True,2.1,2.5620293617248535,-0.06857991218566895,2.60902738571167,-0.2755023241043091,2.0999996662139893,1.8878071308135986
2,2.4544339179992676,2.10481858253479,0,True,1.75,0.7734105587005615,1.6183404922485352,0.8848565816879272,1.6505920886993408,1.7500001192092896,1.6339812278747559
2,1.4375724792480469,2.6003739833831787,0,True,1.4,1.0380938053131104,1.2585779428482056,1.0841143131256104,1.4131550788879395,1.399999976158142,1.2387175559997559
2,2.4873194694519043,-1.6953814029693604,1,True,1.75,2.211838722229004,0.032799720764160156,2.2462410926818848,-0.18301832675933838,1.7499998807907104,1.5314571857452393
2,3.559291124343872,-1.5592941045761108,1,True,1.4,3.162763833999634,-0.21662282943725586,3.187107563018799,-0.2990521192550659,1.399999976158142,1.3140511512756348
2,2.276563882827759,-1.368441104888916,1,True,1.4,2.369086265563965,0.028498172760009766,2.3529133796691895,-0.2156853973865509,1.399999976158142,1.1552813053131104
2,-2.7740557193756104,1.9978017807006836,0,True,1.75,-1.165650486946106,1.3082129955291748,-1.1911625862121582,1.3191511631011963,1.7500001192092896,1.722241997718811
2,-0.5992130637168884,3.2799179553985596,0,True,1.4,-0.5738620758056641,1.8801475763320923,-0.5742267370223999,1.9002814292907715,1.399999976158142,1.3798627853393555
2,2.8218493461608887,0.7724722623825073,0,True,1.4,3.95786714553833,-0.045735299587249756,3.8838138580322266,0.007601054385304451,1.399999976158142,1.3087385892868042
2,5.549525737762451,0.01917423866689205,1,True,1.4,4.217469692230225,0.4500187635421753,4.260068893432617,0.43624013662338257,1.4000000953674316,1.355228066444397
2,3.0230424404144287,1.0235137939453125,0,True,1.4,3.1478214263916016,-0.3709145784378052,3.141479969024658,-0.3000470995903015,1.4000000953674316,1.3288495540618896
2,-2.8996307849884033,0.8640527725219727,0,True,1.75,-1.8022016286849976,-0.49908673763275146,-1.8527069091796875,-0.43635302782058716,1.75,1.6694623231887817
2,4.991537570953369,-0.6439953446388245,1,True,1.4,3.7071475982666016,-0.08691161870956421,3.7416062355041504,-0.10185736417770386,1.399999976158142,1.362439751625061
2,5.061849594116211,-1.1728854179382324,1,True,1.75,4.004097938537598,0.2212669849395752,4.043317794799805,0.16957461833953857,1.7499998807907104,1.6851130723953247
2,-2.993077039718628,1.464396357536316,0,True,1.75,-1.4046282768249512,0.7300050258636475,-1.4096510410308838,0.7323272228240967,1.75,1.7444664239883423
2,0.7791556119918823,-0.44574421644210815,1,True,1.4,1.8809468746185303,0.41800111532211304,1.6778740882873535,0.25880300998687744,1.399999976158142,1.1419639587402344
2,3.7815682888031006,-1.429993748664856,1,True,1.4,3.79221248626709,-0.030034184455871582,3.7919602394104004,-0.0632152259349823,1.399999976158142,1.3668180704116821
2,-1.7437074184417725,2.0246660709381104,0,True,1.0499999999999998,-1.2188034057617188,1.1152842044830322,-1.2628178596496582,1.1915380954742432,1.0499998331069946,0.9619547724723816
2,1.706369400024414,-0.8031142354011536,1,True,1.0499999999999998,2.6140027046203613,-0.2751922607421875,2.6124444007873535,-0.27609866857528687,1.0499999523162842,1.0481971502304077
2,-2.700807571411133,0.7857603430747986,0,True,1.4,-1.324021577835083,0.5318706035614014,-1.4442496299743652,0.5540415048599243,1.3999998569488525,1.2777446508407593
2,-0.7674674391746521,3.054286241531372,0,True,1.4,-0.20591425895690918,1.7718441486358643,-0.28537309169769287,1.9533076286315918,1.3999998569488525,1.201902151107788
2,-3.3415894508361816,-0.2611698508262634,0,True,1.75,-1.7850388288497925,-1.0609512329101562,-2.08616304397583,-0.9062288999557495,1.7500001192092896,1.4114519357681274
2,0.3970453441143036,0.027387982234358788,1,True,1.4,1.756042718887329,0.36373066902160645,1.6382746696472168,0.33458393812179565,1.4000000953674316,1.2786787748336792
2,1.523625373840332,-1.4532400369644165,1,True,1.75,2.2447776794433594,0.14126288890838623,2.117122173309326,-0.14099004864692688,1.7500001192092896,1.4402216672897339
2,-0.34784072637557983,0.7209411263465881,1,True,1.0499999999999998,-1.313377022743225,1.1335422992706299,-1.2914495468139648,1.1241722106933594,1.0500000715255737,1.0261543989181519
2,3.2494406700134277,-2.112205982208252,1,True,2.1,3.1712758541107178,-0.013661384582519531,3.1819100379943848,-0.2991654872894287,2.0999999046325684,1.8142977952957153
2,2.931335210800171,1.2223745584487915,0,True,1.75,4.636300086975098,1.6168304681777954,4.460820198059082,1.5762319564819336,1.750000238418579,1.5698851346969604
2,-0.9798438549041748,2.2481701374053955,0,True,0.7,-0.4178999066352844,1.8307746648788452,-0.5289379358291626,1.913250207901001,0.699999988079071,0.5616827607154846
2,2.719109296798706,-0.9789459109306335,1,True,0.7,2.7764430046081543,-0.28129786252975464,2.775296211242676,-0.2952544689178467,0.699999988079071,0.6859962940216064
2,-1.8610540628433228,2.516129493713379,0,True,1.4,-0.6799421310424805,1.764481544494629,-0.7406235933303833,1.8030986785888672,1.399999976158142,1.3280727863311768
2,-3.453558921813965,-0.1987306773662567,0,True,1.75,-1.725472331047058,-0.4748041033744812,-1.8611488342285156,-0.4531289339065552,1.7499998807907104,1.612602949142456
2,2.3410122394561768,-1.1587082147598267,1,True,1.0499999999999998,2.5311532020568848,-0.12606775760650635,2.5073800086975098,-0.25517916679382324,1.0499999523162842,0.918718159198761
2,1.7867002487182617,1.9160184860229492,0,True,1.0499999999999998,1.3197540044784546,0.9755606651306152,1.3227558135986328,0.98160719871521,1.0499998331069946,1.043249249458313
2,-0.39268749952316284,2.8924200534820557,0,True,1.0499999999999998,0.18781977891921997,2.0174851417541504,0.18118152022361755,2.0274901390075684,1.0499998331069946,1.0379929542541504
2,-2.6399900913238525,0.8506637215614319,0,True,1.4,-1.3191609382629395,0.38654038310050964,-1.4665453433990479,0.4383295178413391,1.4000000953674316,1.243781328201294
2,5.767651081085205,-0.07111050188541412,1,True,1.75,4.065697193145752,0.3361392021179199,4.160304069519043,0.313501238822937,1.749999761581421,1.6527222394943237
2,3.5251011848449707,0.2613871395587921,0,True,0.7,3.90409517288208,-0.32713940739631653,3.753260612487793,-0.09291350841522217,0.699999988079071,0.42140915989875793
2,4.683553218841553,-0.84060138463974,1,True,1.4,4.005553722381592,0.3842727541923523,4.091548919677734,0.2289130985736847,1.399999976158142,1.2224280834197998
2,1.344529628753662,-0.49337655305862427,1,True,1.0499999999999998,1.7642874717712402,0.4690698981285095,1.6749897003173828,0.2643226385116577,1.0499999523162842,0.8266268372535706
2,-2.2755255699157715,2.2444255352020264,0,True,1.75,-0.7696957588195801,1.3528110980987549,-1.0454003810882568,1.5160579681396484,1.7499998807907104,1.4295899868011475
2,3.1548683643341064,0.22720688581466675,0,True,0.7,2.7782845497131348,-0.3628649115562439,2.819568634033203,-0.2981768846511841,0.7000000476837158,0.6232607960700989
2,-2.4276063442230225,0.4106370806694031,0,True,1.0499999999999998,-1.4663136005401611,-0.01175624132156372,-1.6127214431762695,0.0525754913687706,1.0499999523162842,0.8900817632675171
2,-0.229719877243042,3.0369739532470703,0,True,1.4,0.2505906820297241,1.721944808959961,0.14133760333061218,2.0210652351379395,1.399999976158142,1.0815517902374268
2,1.0930455923080444,2.876199960708618,0,True,1.0499999999999998,0.5089782476425171,2.0036375522613525,0.5212804079055786,2.0220160484313965,1.0499999523162842,1.0278840065002441
2,4.0372233390808105,-1.904258131980896,1,True,1.75,3.498793125152588,-0.23914754390716553,3.498917579650879,-0.23953121900558472,1.7500001192092896,1.7495967149734497
2,5.775235176086426,0.811001181602478,1,True,1.75,4.102425575256348,1.3250131607055664,4.408402442932129,1.2309942245483398,1.7500001192092896,1.4299042224884033
2,6.3863348960876465,0.9855417609214783,1,True,2.1,4.295932769775391,1.1860851049423218,4.400067329406738,1.1760947704315186,2.0999996662139893,1.9953869581222534
2,0.21187874674797058,0.8183354735374451,1,True,1.0499999999999998,1.004534363746643,1.5069550275802612,1.0024049282073975,1.5051050186157227,1.0499998331069946,1.047179102897644
2,3.082423210144043,-1.6134496927261353,1,True,1.4,3.2020232677459717,-0.21856772899627686,3.1951370239257812,-0.2988770604133606,1.399999976158142,1.319395899772644
2,-2.7118160724639893,1.4581328630447388,0,True,1.75,-0.9618853330612183,1.4737027883529663,-1.0804603099822998,1.4726476669311523,1.75,1.631420373916626
2,5.378569602966309,-0.2989526391029358,1,True,1.4,4.145644187927246,0.36429327726364136,4.184569358825684,0.34335392713546753,1.4000000953674316,1.3558002710342407
2,0.7002015709877014,2.9155213832855225,0,True,1.0499999999999998,0.5043148994445801,1.8839553594589233,0.5290756225585938,2.014348030090332,1.0500000715255737,0.9172772169113159
2,6.021303653717041,0.4221237897872925,1,True,1.75,4.2862138748168945,0.6500797271728516,4.319538116455078,0.6457016468048096,1.7500001192092896,1.716389536857605
2,-2.354614734649658,1.7638592720031738,0,True,1.4,-1.0056307315826416,1.3893702030181885,-1.119434118270874,1.4209630489349365,1.399999976158142,1.2818926572799683
2,-1.815793514251709,2.386706829071045,0,True,1.4,-0.9008872509002686,1.3270151615142822,-1.0544390678405762,1.5048668384552002,1.399999976158142,1.165033221244812
2,0.15561889111995697,0.3542788624763489,1,True,1.4,1.5191326141357422,0.6718170046806335,1.4682457447052002,0.6599663496017456,1.399999976158142,1.347751498222351
2,0.5503957867622375,2.5916588306427,0,True,0.7,0.1703471541404724,2.003812789916992,0.18617573380470276,2.0282955169677734,0.699999988079071,0.6708461046218872
2,1.3071151971817017,2.8413374423980713,0,True,1.4,0.2950112819671631,1.8740496635437012,0.4738311171531677,2.0449509620666504,1.399999976158142,1.1526464223861694
2,-0.5748329162597656,3.043374538421631,0,True,1.4,-0.8707985877990723,1.675016164779663,-0.8664464950561523,1.6951377391815186,1.4000000953674316,1.3794132471084595
2,0.6973915100097656,2.8759095668792725,0,True,1.0499999999999998,0.6048582792282104,1.8299949169158936,0.6137832403182983,1.9308748245239258,1.0499999523162842,0.9487259984016418
2,-1.8269784450531006,2.56169056892395,0,True,1.4,-0.9061098098754883,1.5071760416030884,-0.9780137538909912,1.5895154476165771,1.399999976158142,1.2906841039657593
2,3.520862102508545,-0.788037121295929,1,True,0.7,3.618051767349243,-0.09481698274612427,3.604736328125,-0.18978962302207947,0.699999988079071,0.6040984988212585
2,-0.4399019777774811,3.296745777130127,0,True,1.4,-0.28444913029670715,1.9054031372070312,-0.2897263169288635,1.9526348114013672,1.399999976158142,1.3524744510650635
2,0.7298768758773804,-0.8955629467964172,1,True,1.75,2.103339433670044,0.18891888856887817,1.894411563873291,0.02395016700029373,1.7500001192092896,1.4837942123413086
2,0.744411051273346,3.0663843154907227,0,True,1.4,0.5608526468276978,1.6784700155258179,0.5965021848678589,1.9480223655700684,1.399999976158142,1.1281003952026367
2,3.168818950653076,0.8012585639953613,0,True,1.4,4.441627502441406,1.3843176364898682,4.430938720703125,1.3794209957122803,1.3999998569488525,1.3882428407669067
2,2.238037347793579,1.8081660270690918,0,True,1.4,0.9582068920135498,1.2406857013702393,1.1484942436218262,1.3250596523284912,1.399999976158142,1.1918456554412842
2,-1.942245364189148,2.605973482131958,0,True,1.75,-0.9333963394165039,1.1760351657867432,-1.1126453876495361,1.4301021099090576,1.75,1.4390654563903809
2,-0.899474024772644,3.2876346111297607,0,True,1.75,-0.226820170879364,1.6720737218856812,-0.3403756022453308,1.944808006286621,1.7500001192092896,1.4545701742172241
2,-2.601583957672119,1.0117332935333252,0,True,1.4,-1.2156509160995483,0.813770055770874,-1.3884999752044678,0.8384593725204468,1.399999976158142,1.2253965139389038
2,1.3669363260269165,2.4861226081848145,0,True,1.0499999999999998,0.4367102384567261,1.9991120100021362,0.5049759149551392,2.034851551055908,1.0499999523162842,0.9729446768760681
2,-3.0151538848876953,0.5996416211128235,0,True,1.75,-1.3006248474121094,0.24908402562141418,-1.4969797134399414,0.2892313599586487,1.7500001192092896,1.5495829582214355
2,4.009739398956299,-1.2002278566360474,1,True,1.4,3.43149995803833,0.07477772235870361,3.5612497329711914,-0.21131816506385803,1.399999976158142,1.0858570337295532
2,-0.53949373960495,0.8163222670555115,1,True,1.0499999999999998,-1.4465107917785645,1.3453024625778198,-1.2453384399414062,1.2279770374298096,1.0499999523162842,0.8171146512031555
2,4.495468616485596,-1.6663295030593872,1,True,1.75,3.653820753097534,-0.1320124864578247,3.6681861877441406,-0.15820008516311646,1.7499998807907104,1.7201309204101562
2,-2.0416879653930664,0.24398908019065857,0,True,0.7,-1.3604252338409424,0.40486472845077515,-1.4783596992492676,0.3770153522491455,0.6999999284744263,0.5788218379020691
2,-1.9472205638885498,2.644514799118042,0,True,1.75,-1.3147797584533691,1.0127922296524048,-1.3249802589416504,1.039109706878662,1.75,1.7217748165130615
2,-1.6106054782867432,2.827115774154663,0,True,1.4,-0.6347226500511169,1.8232966661453247,-0.6662906408309937,1.8557682037353516,1.399999976158142,1.354712724685669
2,5.927081108093262,0.6869441270828247,1,True,1.75,4.418248653411865,1.5734678506851196,4.456948280334473,1.550729751586914,1.7499998807907104,1.705114722251892
2,0.281204491853714,2.7280468940734863,0,True,0.7,0.2810843288898468,2.0280468463897705,0.28108662366867065,2.041459560394287,0.7000000476837158,0.6865873336791992
2,4.130741119384766,-1.1971006393432617,1,True,1.4,3.2953429222106934,-0.07366406917572021,3.4301438331604004,-0.2549436092376709,1.399999976158142,1.1740938425064087
2,5.018644332885742,-0.8436199426651001,1,True,1.4,3.9601707458496094,0.07269525527954102,3.962754249572754,0.07045862078666687,1.399999976158142,1.396582841873169
2,4.934441566467285,-1.270418643951416,1,True,1.75,3.6644747257232666,-0.0663902759552002,3.719653606414795,-0.11870387196540833,1.75,1.6739643812179565
2,5.011625289916992,-0.3950517773628235,1,True,1.4,3.6413354873657227,-0.10816165804862976,3.7136592864990234,-0.12330372631549835,1.399999976158142,1.3261080980300903
2,4.373556613922119,-0.675374448299408,1,True,1.0499999999999998,4.155455589294434,0.35172420740127563,4.162895202636719,0.3166886568069458,1.0499998331069946,1.0141831636428833
2,2.930145263671875,-1.6462805271148682,1,True,1.4,2.782670021057129,-0.25406956672668457,2.7871265411376953,-0.29614073038101196,1.4000000953674316,1.3576936721801758
2,-2.7791531085968018,0.6329524517059326,0,True,1.4,-1.6501977443695068,-0.19497251510620117,-1.711172103881836,-0.15025663375854492,1.399999976158142,1.3243865966796875
2,-0.3671194016933441,1.028164267539978,1,True,1.0499999999999998,-1.4127202033996582,1.1241791248321533,-1.295954942703247,1.1134567260742188,1.0499999523162842,0.9327433705329895
2,2.388685464859009,-1.8064099550247192,1,True,1.75,3.1881985664367676,-0.24972152709960938,3.1625876426696777,-0.29958683252334595,1.75,1.6939421892166138
2,0.46427032351493835,0.7745270729064941,1,True,1.0499999999999998,1.5141150951385498,0.7564697265625,1.4230682849884033,0.7580356597900391,1.0499999523162842,0.9589397311210632
2,2.366555690765381,-1.5753618478775024,1,True,1.4,2.392033338546753,-0.17559373378753662,2.3910908699035645,-0.227376788854599,1.399999976158142,1.3482083082199097
2,-1.6217536926269531,2.754335403442383,0,True,1.4,-0.8899234533309937,1.5608428716659546,-0.9340728521347046,1.632843017578125,1.399999976158142,1.3155417442321777
2,2.791707754135132,1.6194747686386108,0,True,1.75,4.4311017990112305,1.007193684577942,4.37746524810791,1.0272259712219238,1.750000238418579,1.6927448511123657
2,2.9352357387542725,0.7605783939361572,0,True,1.4,1.5902472734451294,0.37198367714881897,1.614995002746582,0.37913382053375244,1.399999976158142,1.3742399215698242
2,4.427499294281006,-1.271723747253418,1,True,1.4,3.5347843170166016,-0.19327116012573242,3.5530734062194824,-0.21536585688591003,1.399999976158142,1.3713178634643555
2,-3.0600693225860596,0.6824615001678467,0,True,1.75,-1.8709722757339478,-0.601496696472168,-1.9129812717437744,-0.5561363697052002,1.7500001192092896,1.6881753206253052
2,0.12185321748256683,0.5727783441543579,1,True,1.4,1.5161820650100708,0.698664128780365,1.4528348445892334,0.6929448843002319,1.4000000953674316,1.3363951444625854
2,-0.9464550018310547,3.0249314308166504,0,True,1.4,-0.13975512981414795,1.8807132244110107,-0.2002137005329132,1.9664673805236816,1.399999976158142,1.2950761318206787
2,-3.0671935081481934,1.2033203840255737,0,True,1.75,-1.34255051612854,0.9064933061599731,-1.3696930408477783,0.9111647605895996,1.7499998807907104,1.7224583625793457
2,4.060149669647217,-1.4182296991348267,1,True,1.4,3.6486423015594482,-0.08007371425628662,3.671812057495117,-0.15541759133338928,1.399999976158142,1.321173906326294
2,3.1099395751953125,-1.4956430196762085,1,True,1.4,3.077263116836548,-0.09602439403533936,3.0820565223693848,-0.30134284496307373,1.399999976158142,1.1946256160736084
2,-0.13531355559825897,2.397447347640991,0,True,0.7,0.002706393599510193,1.7111890316009521,-0.053303204476833344,1.989677906036377,0.699999988079071,0.41593462228775024
2,5.68080997467041,0.42862197756767273,1,True,1.4,4.312161445617676,0.7232421636581421,4.330705642700195,0.7192504405975342,1.399999976158142,1.3810310363769531
2,1.7831575870513916,-1.5858927965164185,1,True,1.75,2.1975879669189453,0.114327073097229,2.1338210105895996,-0.14727947115898132,1.75,1.4807339906692505
2,5.655019283294678,0.3126221299171448,1,True,1.4,4.3101806640625,0.7017351984977722,4.32729434967041,0.6967839002609253,1.399999976158142,1.382184386253357
2,2.816737651824951,-1.540662169456482,1,True,1.4,2.616788864135742,-0.15501415729522705,2.6348257064819336,-0.280004620552063,1.399999976158142,1.2737147808074951
2,5.368192672729492,-0.7916139364242554,1,True,1.75,3.8889358043670654,0.1434258222579956,3.976879596710205,0.08783668279647827,1.7500001192092896,1.6459603309631348
2,-2.9836928844451904,2.0141735076904297,0,True,2.1,-1.259061574935913,0.8159887790679932,-1.3746109008789062,0.8962662220001221,2.0999999046325684,1.9593013525009155
2,1.0811946392059326,-0.37737029790878296,1,True,1.0499999999999998,1.6297743320465088,0.5179286599159241,1.582653284072876,0.44102585315704346,1.0499999523162842,0.959808886051178
2,-1.3225812911987305,2.21539568901062,0,True,0.7,-0.8592646718025208,1.690669298171997,-0.864661693572998,1.6967816352844238,0.7000000476837158,0.6918460130691528
2,-1.5453286170959473,2.5413546562194824,0,True,1.4,-0.3249114751815796,1.8553647994995117,-0.4527810215950012,1.9272396564483643,1.4000000953674316,1.253314733505249
2,-3.1691298484802246,-1.070461630821228,0,True,1.0499999999999998,-2.47021484375,-1.8540544509887695,-2.5840845108032227,-1.726388931274414,1.0499999523162842,0.878930389881134
2,-3.105464458465576,0.16619452834129333,0,True,1.4,-1.9175031185150146,-0.5745805501937866,-1.921083927154541,-0.5723476409912109,1.399999976158142,1.395780086517334
2,5.811384677886963,1.1026928424835205,1,True,1.75,4.802526950836182,2.5326249599456787,4.917137145996094,2.3701796531677246,1.7499998807907104,1.5511934757232666
2,2.7499072551727295,0.37119606137275696,0,True,0.7,2.58172869682312,-0.30830076336860657,2.5906410217285156,-0.2722935676574707,0.699999988079071,0.6629061698913574
2,0.02506941184401512,1.596137285232544,1,True,0.7,0.09323173761367798,2.2928106784820557,0.06544691324234009,2.0088272094726562,0.6999999284744263,0.4146604835987091
2,-0.3601258397102356,2.2583353519439697,0,True,0.7,-0.2856513261795044,1.5623083114624023,-0.3268030285835266,1.9469053745269775,0.7000000476837158,0.3132076859474182
2,0.19072499871253967,-0.22125764191150665,1,True,1.75,1.9046698808670044,0.13214467465877533,1.7888984680175781,0.1082734614610672,1.7500001192092896,1.6317932605743408
2,1.268810749053955,-0.10968292504549026,1,True,0.7,1.8462949991226196,0.2859330177307129,1.7118325233459473,0.19381707906723022,0.699999988079071,0.5370107293128967
2,2.9945809841156006,0.63288414478302,0,True,1.0499999999999998,3.4986374378204346,-0.28821688890457153,3.4749703407287598,-0.24496829509735107,1.0499999523162842,1.0006991624832153
2,-0.9110699892044067,3.1377484798431396,0,True,1.4,-0.7319309711456299,1.7492567300796509,-0.7390236854553223,1.804232120513916,1.4000000953674316,1.3445689678192139
2,5.622945785522461,-0.15954989194869995,1,True,1.75,4.27103853225708,0.951686680316925,4.355460166931152,0.8822940587997437,1.75,1.6407188177108765
2,0.21666786074638367,0.4088147282600403,1,True,1.4,1.1452001333236694,1.456587553024292,1.0954277515411377,1.400423526763916,1.4000000953674316,1.3249554634094238
2,4.941147327423096,-0.5027233362197876,1,True,1.4,3.694730758666992,0.13480758666992188,3.907352924346924,0.026053424924612045,1.399999976158142,1.1611785888671875
2,5.9059247970581055,0.30875158309936523,1,True,1.75,4.27016544342041,0.9306769371032715,4.357749938964844,0.897376537322998,1.75,1.6562985181808472
2,5.352939128875732,-0.45602068305015564,1,True,1.75,3.741151809692383,0.22562524676322937,3.9999237060546875,0.11618748307228088,1.7499998807907104,1.4690381288528442
2,6.261913776397705,0.8559220433235168,1,True,2.1,4.698412895202637,2.2578721046447754,4.776069641113281,2.1882386207580566,2.0999996662139893,1.9956954717636108
2,-1.193711757659912,2.9460909366607666,0,True,1.4,-0.3737897276878357,1.811309814453125,-0.4570671319961548,1.9265666007995605,1.4000000953674316,1.2578057050704956
2,1.4768718481063843,2.607945203781128,0,True,1.4,0.471432089805603,1.6337323188781738,0.6949156522750854,1.8502750396728516,1.399999976158142,1.088815689086914
2,3.944549083709717,-1.341773271560669,1,True,1.4,3.2568161487579346,-0.1223374605178833,3.3425912857055664,-0.27442681789398193,1.4000000953674316,1.2253904342651367
2,2.5483953952789307,1.6306871175765991,0,True,1.4,1.2636076211929321,1.0745214223861694,1.2782719135284424,1.080869436264038,1.399999976158142,1.3840206861495972
2,0.5844510793685913,3.2742919921875,0,True,1.4,0.15388566255569458,1.942145824432373,0.18148598074913025,2.0275397300720215,1.399999976158142,1.3102564811706543
2,5.852601528167725,1.170076847076416,1,True,1.75,4.111905097961426,1.3502905368804932,4.421647071838379,1.318222999572754,1.750000238418579,1.4386028051376343
2,-0.3044512867927551,2.686202049255371,0,True,1.0499999999999998,-0.22759510576725006,1.6390187740325928,-0.25105100870132446,1.958611249923706,1.0499998331069946,0.7295477986335754
2,0.8477452397346497,-0.49596238136291504,1,True,1.4,1.4372446537017822,0.7738763093948364,1.4264538288116455,0.7506324052810669,1.399999976158142,1.374373435974121
2,2.8150341510772705,-1.8982336521148682,1,True,1.75,2.745466470718384,-0.14961695671081543,2.751188278198242,-0.2934485077857971,1.75,1.606054663658142
2,-1.0032222270965576,2.6164567470550537,0,True,1.0499999999999998,-0.7185440063476562,1.60578453540802,-0.7683783769607544,1.782707691192627,1.0499999523162842,0.8661923408508301
2,0.4568249583244324,0.06594173610210419,1,True,1.4,1.8568212985992432,0.06921624392271042,1.837785243988037,0.0691717267036438,1.4000000953674316,1.3809640407562256
2,-2.7310614585876465,0.34373849630355835,0,True,1.4,-1.3344030380249023,0.24706658720970154,-1.5116028785705566,0.25933176279067993,1.4000000953674316,1.2223763465881348
2,2.2384097576141357,-1.5330426692962646,1,True,1.4,2.38531756401062,-0.14077186584472656,2.376646041870117,-0.222953200340271,1.399999976158142,1.3173624277114868
2,2.394076347351074,2.107128620147705,0,True,1.75,1.2097727060317993,0.8187479972839355,1.3347907066345215,0.9547523260116577,1.7499998807907104,1.5652657747268677
2,5.910314559936523,0.20997491478919983,1,True,1.75,4.1796159744262695,0.4691731929779053,4.275201797485352,0.4548577070236206,1.7500003576278687,1.653348445892334
2,1.9583748579025269,2.6039671897888184,0,True,1.75,0.8668524026870728,1.236093282699585,1.0440866947174072,1.4581995010375977,1.7500001192092896,1.4658466577529907
2,0.45285651087760925,2.9207377433776855,0,True,1.0499999999999998,0.16398891806602478,1.9112550020217896,0.1980276107788086,2.0302071571350098,1.0499999523162842,0.9262734651565552
2,0.6149495840072632,-1.1200343370437622,1,True,1.75,1.910711646080017,0.05618870258331299,1.8841896057128906,0.03211349993944168,1.75,1.714180588722229
2,-3.1054527759552,0.7056371569633484,0,True,1.75,-1.5715808868408203,-0.13682156801223755,-1.6770718097686768,-0.07888193428516388,1.7499998807907104,1.6296448707580566
2,-2.548736095428467,1.5771472454071045,0,True,1.4,-1.1673622131347656,1.3495380878448486,-1.1702663898468018,1.3500165939331055,1.399999976158142,1.3970565795898438
2,3.219740867614746,0.289971262216568,0,True,0.7,3.066871404647827,-0.39313259720802307,3.0874390602111816,-0.301225483417511,0.699999988079071,0.605819582939148
2,2.7670669555664062,1.1747331619262695,0,True,1.4,1.4693204164505005,0.6495152711868286,1.4729411602020264,0.6509805917739868,1.399999976158142,1.3960939645767212
2,3.5398800373077393,1.2186285257339478,0,True,1.0499999999999998,4.429166793823242,0.6603548526763916,4.331110000610352,0.7219130992889404,1.0500001907348633,0.9342221617698669
2,-2.788033962249756,1.6689008474349976,0,True,1.75,-1.1189708709716797,1.1428513526916504,-1.264073371887207,1.188584327697754,1.7499998807907104,1.5978610515594482
2,-1.9907864332199097,2.7861852645874023,0,True,1.75,-0.6466768980026245,1.6655293703079224,-0.7777764797210693,1.7748339176177979,1.75,1.5793113708496094
2,3.975248098373413,-1.4084798097610474,1,True,1.4,3.1518664360046387,-0.2762066125869751,3.1687703132629395,-0.29945194721221924,1.399999976158142,1.37125825881958
2,1.6706080436706543,-0.8594191074371338,1,True,1.0499999999999998,2.5258421897888184,-0.2502603530883789,2.516298294067383,-0.25705838203430176,1.0499999523162842,1.0382825136184692
2,0.23250478506088257,0.6532369256019592,1,True,1.4,0.10416656732559204,2.04734206199646,0.10709390044212341,2.015542984008789,1.399999976158142,1.368066430091858
2,0.37524446845054626,3.032313823699951,0,True,1.0499999999999998,0.21218344569206238,1.9950525760650635,0.21816617250442505,2.033109664916992,1.0499999523162842,1.0114754438400269
2,2.2350103855133057,2.1272687911987305,0,True,1.4,1.0802570581436157,1.3357229232788086,1.1227669715881348,1.3648622035980225,1.399999976158142,1.3484617471694946
2,0.5635861158370972,-0.6067445278167725,1,True,1.4,1.7117587327957153,0.19431692361831665,1.7116215229034424,0.19422104954719543,1.399999976158142,1.3998324871063232
2,3.018293619155884,-2.0150210857391357,1,True,1.75,3.155561685562134,-0.2704129219055176,3.153250217437744,-0.2997904419898987,1.75,1.7205318212509155
2,3.298011302947998,-1.57661771774292,1,True,1.4,2.8061883449554443,-0.2658507823944092,2.8182921409606934,-0.2981078624725342,1.399999976158142,1.365546703338623
2,-2.7242658138275146,0.6618071794509888,0,True,1.4,-1.3465105295181274,0.41323113441467285,-1.4671862125396729,0.43500351905822754,1.3999998569488525,1.2773758172988892
2,1.7574048042297363,1.7037557363510132,0,True,1.0499999999999998,1.175295352935791,0.8298859596252441,1.3040966987609863,1.0232439041137695,1.0499999523162842,0.8176702260971069
2,3.181239366531372,-1.9930455684661865,1,True,1.75,3.248908281326294,-0.2443544864654541,3.247025489807129,-0.2930159568786621,1.7499998807907104,1.7013020515441895
2,0.24384313821792603,1.6966320276260376,1,True,0.7,-0.21820631623268127,2.2224745750427246,-0.018572784960269928,1.9952785968780518,0.7000000476837158,0.3975573778152466
2,0.7865889072418213,-0.7815004587173462,1,True,1.4,1.9082162380218506,0.05632519721984863,1.880136251449585,0.03535030782222748,1.3999998569488525,1.3649508953094482
2,4.338793754577637,-1.3343092203140259,1,True,1.4,3.5264925956726074,-0.1940605640411377,3.5446434020996094,-0.21953922510147095,1.4000000953674316,1.3687171936035156
2,3.1931416988372803,0.49235934019088745,0,True,1.0499999999999998,4.2158966064453125,0.2547202706336975,4.1289472579956055,0.27492308616638184,1.0499999523162842,0.9607344269752502
2,0.8373823165893555,-0.8065399527549744,1,True,1.4,1.9241641759872437,0.07601600885391235,1.877087116241455,0.037785522639751434,1.399999976158142,1.3393548727035522
2,5.778572082519531,-0.10230445861816406,1,True,1.75,4.256841659545898,0.7618923187255859,4.330802917480469,0.7198899984359741,1.7499998807907104,1.6649441719055176
2,0.22762912511825562,3.41030216217041,0,True,1.4,0.3182510733604431,2.0132381916046143,0.31611889600753784,2.0461087226867676,1.399999976158142,1.3670604228973389
2,0.6556406617164612,0.6115010976791382,1,True,1.0499999999999998,1.2381969690322876,1.4850730895996094,1.1401283740997314,1.3380143642425537,1.0499999523162842,0.8732410073280334
2,4.871330738067627,-0.9936031103134155,1,True,1.4,3.9481451511383057,0.0588836669921875,3.9485883712768555,0.05837823450565338,1.399999976158142,1.3993277549743652
2,0.09400071203708649,0.7283019423484802,1,True,1.4,0.6520861387252808,2.0122570991516113,0.6158289909362793,1.928842544555664,1.399999976158142,1.3090463876724243
2,-3.2973973751068115,1.1994844675064087,0,True,2.1,-1.3846688270568848,0.33261144161224365,-1.4787037372589111,0.3752291798591614,2.0999999046325684,1.996758222579956
2,0.17829227447509766,2.8229780197143555,0,True,1.0499999999999998,0.3074808418750763,1.7809557914733887,0.27527952194213867,2.040688991546631,1.0499999523162842,0.7882782816886902
2,0.02588755637407303,0.749999463558197,1,True,1.4,1.2375389337539673,1.4513561725616455,1.1125197410583496,1.3789896965026855,1.399999976158142,1.2555469274520874
2,2.120234727859497,2.3548953533172607,0,True,1.75,0.6205600500106812,1.4529664516448975,0.9059243202209473,1.624588966369629,1.75,1.4170029163360596
2,2.618377685546875,1.2135083675384521,0,True,1.4,1.6895744800567627,0.1659756898880005,1.7127327919006348,0.19209429621696472,1.399999976158142,1.3650932312011719
2,3.0296177864074707,1.8411186933517456,0,True,1.75,4.760069370269775,1.5802785158157349,4.46942138671875,1.6240894794464111,1.7500001192092896,1.456068754196167
2,1.7981027364730835,-1.7172943353652954,1,True,1.75,1.9720393419265747,0.0240401029586792,1.9662959575653076,-0.03345630317926407,1.7499998807907104,1.692217230796814
2,0.30566608905792236,1.4849642515182495,1,True,0.7,0.365520715713501,2.182400703430176,0.3542584180831909,2.0511698722839355,0.7000001072883606,0.5682868957519531
2,4.576109886169434,0.005789392162114382,1,True,0.7,4.106046199798584,0.5244800448417664,4.225053787231445,0.393161416053772,0.6999999284744263,0.5227785706520081
2,3.1648244857788086,0.6690138578414917,0,True,1.0499999999999998,3.0862069129943848,-0.37803876399993896,3.091981887817383,-0.3011263608932495,1.0499999523162842,0.9728710651397705
2,3.6408002376556396,-1.0251996517181396,1,True,1.0499999999999998,3.4560956954956055,0.008427023887634277,3.5002999305725098,-0.2389477789402008,1.0499999523162842,0.7987067103385925
2,0.699261486530304,0.3825208246707916,1,True,1.0499999999999998,1.5429438352584839,1.0075807571411133,1.3688831329345703,0.8786239624023438,1.0499999523162842,0.8333735466003418
2,0.45398280024528503,-0.7165122628211975,1,True,1.75,1.5267480611801147,0.6661210656166077,1.489867925643921,0.6185882091522217,1.7500001192092896,1.6898375749588013
2,2.3929078578948975,-1.1519381999969482,1,True,1.0499999999999998,2.7660882472991943,-0.17049217224121094,2.7204294204711914,-0.29057246446609497,1.0499999523162842,0.9215320348739624
2,-2.425752639770508,1.6484200954437256,0,True,1.4,-1.0656647682189941,1.3165149688720703,-1.1749048233032227,1.3431732654571533,1.399999976158142,1.2875542640686035
2,5.883325576782227,0.12244492024183273,1,True,1.75,4.334362030029297,0.9368232488632202,4.361567497253418,0.9225195646286011,1.7500001192092896,1.7192635536193848
2,-1.7204607725143433,2.296159505844116,0,True,1.0499999999999998,-0.9055540561676025,1.6340211629867554,-0.9200276136398315,1.6457810401916504,1.0500000715255737,1.0313512086868286
2,1.1924642324447632,2.659820318222046,0,True,1.0499999999999998,0.44260841608047485,1.9248263835906982,0.531503438949585,2.0119595527648926,1.0499999523162842,0.9255229830741882
2,-1.8364728689193726,2.480834484100342,0,True,1.4,-1.1507809162139893,1.2602499723434448,-1.1871857643127441,1.3250536918640137,1.399999976158142,1.325670838356018
2,-1.2186061143875122,2.075871706008911,0,True,0.7,-0.6454849243164062,1.6739611625671387,-0.7830401659011841,1.7704241275787354,0.699999988079071,0.5319923758506775
2,2.417701482772827,0.2879575490951538,0,True,0.7,2.7940738201141357,-0.30224907398223877,2.7903318405151367,-0.296380877494812,0.699999988079071,0.6930402517318726
2,1.7310328483581543,2.7642836570739746,0,True,1.4,0.7206549644470215,1.7951931953430176,0.7357691526412964,1.8096897602081299,1.399999976158142,1.3790574073791504
2,2.54628586769104,-1.3089170455932617,1,True,1.0499999999999998,2.5576586723327637,-0.25897860527038574,2.5575852394104004,-0.2657584547996521,1.0500000715255737,1.0432196855545044
2,2.8535044193267822,0.392717570066452,0,True,0.7,2.734776020050049,-0.29714009165763855,2.735612392425537,-0.2922816276550293,0.7000000476837158,0.6950700879096985
2,-2.5294766426086426,2.124221086502075,0,True,1.75,-1.3666512966156006,0.8164224624633789,-1.3880870342254639,0.8405307531356812,1.75,1.7177401781082153
2,2.5036730766296387,1.786102056503296,0,True,1.75,0.9386714696884155,1.0029863119125366,1.2445764541625977,1.1560587882995605,1.7500001192092896,1.4079341888427734
2,5.675062656402588,0.28527045249938965,1,True,1.4,4.299152374267578,0.5438647270202637,4.3039398193359375,0.5429650545120239,1.4000000953674316,1.3951287269592285
2,4.058490753173828,-1.2796087265014648,1,True,1.4,3.484973669052124,-0.0024720430374145508,3.5755748748779297,-0.2042263150215149,1.399999976158142,1.1788363456726074
2,0.43664631247520447,0.6507851481437683,1,True,1.0499999999999998,0.9596519470214844,1.561260461807251,0.9583625793457031,1.5590159893035889,1.0500000715255737,1.0474116802215576
2,2.231407642364502,-1.4953718185424805,1,True,1.4,2.198456287384033,-0.09575963020324707,2.2001781463623047,-0.1689121127128601,1.399999976158142,1.3268271684646606
2,4.884976863861084,-0.7585354447364807,1,True,1.4,4.078215599060059,0.38563936948776245,4.143584251403809,0.29293060302734375,1.399999976158142,1.2865626811981201
2,0.6261761784553528,0.24358287453651428,1,True,1.0499999999999998,1.426912546157837,0.9227892160415649,1.3705236911773682,0.8749586343765259,1.0499999523162842,0.9760577082633972
2,0.047263067215681076,0.7191984057426453,1,True,1.4,0.842240571975708,1.8715918064117432,0.7736066579818726,1.7721004486083984,1.3999998569488525,1.279131531715393
2,0.2431059330701828,1.671217679977417,1,True,0.7,0.48977017402648926,2.3263182640075684,0.38717740774154663,2.0538487434387207,0.7000000476837158,0.4088558554649353
2,2.8196568489074707,-2.00506329536438,1,True,1.75,2.743316411972046,-0.25672924518585205,2.744899272918701,-0.29297733306884766,1.7499998807907104,1.7137173414230347
2,5.604475975036621,-0.0754602700471878,1,True,1.75,3.9706733226776123,0.5515875220298767,4.262720108032227,0.43950092792510986,1.75,1.4371825456619263
2,0.8948186635971069,-0.37914296984672546,1,True,1.0499999999999998,1.7165048122406006,0.27456316351890564,1.6834008693695068,0.2482265830039978,1.0499999523162842,1.007697582244873
2,6.383252143859863,1.2802621126174927,1,True,2.1,4.419118404388428,2.023348808288574,4.6217546463012695,1.946686029434204,2.0999999046325684,1.8833465576171875
2,5.538200855255127,0.3036547899246216,1,True,1.4,4.243383407592773,0.8360535502433777,4.342266082763672,0.795394778251648,1.4000002145767212,1.293084740638733
2,2.717529296875,-1.7102384567260742,1,True,1.75,2.308286428451538,-0.008762478828430176,2.3584651947021484,-0.21738553047180176,1.7500001192092896,1.535427212715149
2,1.4292832612991333,-1.168188452720642,1,True,1.4,2.369706153869629,-0.1310746669769287,2.306008815765381,-0.20132139325141907,1.4000000953674316,1.3051742315292358
2,0.15239423513412476,1.3924274444580078,1,True,0.7,-0.12952712178230286,2.0331459045410156,-0.10657979547977448,1.9809939861297607,0.6999998092651367,0.6430226564407349
2,-2.747983455657959,1.9861401319503784,0,True,1.75,-1.1427069902420044,1.2892986536026,-1.1956515312194824,1.312281608581543,1.750000238418579,1.6922824382781982
2,2.2642741203308105,1.9143025875091553,0,True,1.4,1.2963762283325195,0.9027820825576782,1.3383994102478027,0.9466996192932129,1.399999976158142,1.3392159938812256
2,0.27271294593811035,0.716161847114563,1,True,1.4,1.4236427545547485,1.5132566690444946,1.149548053741455,1.3234281539916992,1.3999998569488525,1.0665889978408813
2,-2.9567885398864746,0.7339555621147156,0,True,1.75,-1.235183835029602,0.41998592019081116,-1.4621057510375977,0.46136975288391113,1.7499998807907104,1.5193352699279785
2,3.493652582168579,-1.2074850797653198,1,True,1.0499999999999998,3.095621347427368,-0.23585188388824463,3.1220922470092773,-0.3004698157310486,1.0499999523162842,0.9801702499389648
2,1.3733317852020264,-0.30235037207603455,1,True,0.7,1.7004320621490479,0.316523939371109,1.673921823501587,0.2663664221763611,0.699999988079071,0.6432675719261169
2,-0.13733260333538055,3.1800904273986816,0,True,1.4,-0.566962480545044,1.8476423025131226,-0.5475242137908936,1.9079279899597168,1.399999976158142,1.3366578817367554
2,2.3402340412139893,2.246405839920044,0,True,1.75,0.7886940240859985,1.4369471073150635,0.9772940874099731,1.5353422164916992,1.7499998807907104,1.537275791168213
2,2.808270215988159,-0.0948849469423294,0,True,0.7,2.6657116413116455,-0.7802148461341858,2.766724109649658,-0.29461240768432617,0.7000000476837158,0.20400278270244598
2,2.0069358348846436,1.8109561204910278,0,True,1.0499999999999998,1.036035180091858,1.4111415147781372,1.0725438594818115,1.426175832748413,1.0499998331069946,1.010516881942749
2,1.004357099533081,2.670111656188965,0,True,1.0499999999999998,0.4020113945007324,1.8100653886795044,0.5385539531707764,2.0050244331359863,1.0499999523162842,0.8119812607765198
2,0.0677969753742218,1.2158399820327759,1,True,1.0499999999999998,0.812714695930481,1.9558382034301758,0.700682520866394,1.8445460796356201,1.0499998331069946,0.8920848965644836
2,2.565631866455078,1.7008658647537231,0,True,1.75,0.9879806041717529,0.9435573816299438,1.2775218486785889,1.0825436115264893,1.7499998807907104,1.4288281202316284
2,1.2028511762619019,-0.8239144086837769,1,True,1.4,2.361107110977173,-0.037502825260162354,2.1777005195617676,-0.16202867031097412,1.399999976158142,1.1783140897750854
2,0.8715512156486511,3.075963258743286,0,True,1.4,0.6294029355049133,1.697063684463501,0.6620432138442993,1.8829317092895508,1.399999976158142,1.2112876176834106
2,4.517212867736816,-1.1198805570602417,1,True,1.4,3.7832815647125244,0.07232105731964111,3.8427329063415527,-0.024252012372016907,1.399999976158142,1.286594271659851
2,1.9701688289642334,2.0168497562408447,0,True,1.4,0.6502999067306519,1.5500028133392334,0.895960807800293,1.636894702911377,1.399999976158142,1.1394248008728027
2,4.676971435546875,-0.7124469876289368,1,True,1.4,3.764131546020508,0.34902530908584595,3.9826459884643555,0.09493102133274078,1.399999976158142,1.0648695230484009
2,1.3389769792556763,-0.9841558337211609,1,True,1.4,2.407622814178467,-0.0797242522239685,2.2751235961914062,-0.19186323881149292,1.4000000953674316,1.2264167070388794
2,0.9627042412757874,-0.37992116808891296,1,True,1.0499999999999998,1.5648008584976196,0.48029956221580505,1.56327223777771,0.4781152009963989,1.0499999523162842,1.0473339557647705
2,2.581416606903076,0.49170830845832825,0,True,1.0499999999999998,1.5939526557922363,0.13475623726844788,1.7190625667572021,0.17998135089874268,1.0499999523162842,0.9169668555259705
2,3.957914352416992,-1.2076013088226318,1,True,1.4,3.266061305999756,0.00950157642364502,3.417928695678711,-0.2576618790626526,1.399999976158142,1.0926891565322876
2,0.6972528696060181,2.7632834911346436,0,True,1.0499999999999998,0.046927034854888916,1.9389193058013916,0.10741518437862396,2.015594959259033,1.0499999523162842,0.9523374438285828
2,2.006803274154663,-0.9482083916664124,1,True,1.0499999999999998,2.8045969009399414,-0.2655479311943054,2.7703166007995605,-0.2948814034461975,1.0499999523162842,1.0048824548721313
2,-2.810640335083008,1.4806878566741943,0,True,1.75,-1.105375051498413,1.087533950805664,-1.2890257835388184,1.1298749446868896,1.7499998807907104,1.5615315437316895
2,4.910819053649902,-1.4233993291854858,1,True,2.1,3.7737669944763184,0.34213531017303467,3.953855514526367,0.06250692903995514,2.0999999046325684,1.7673983573913574
2,5.475025653839111,1.631131887435913,1,True,1.0499999999999998,4.428216934204102,1.7129290103912354,4.49891471862793,1.707404613494873,1.0499995946884155,0.9790863394737244
2,-1.213369607925415,2.4288389682769775,0,True,1.0499999999999998,-1.0296344757080078,1.3950395584106445,-1.0501070022583008,1.510230541229248,1.0499999523162842,0.9330037832260132
2,3.273406982421875,-1.851699709892273,1,True,1.75,2.605203628540039,-0.2342931032180786,2.6232547760009766,-0.27798527479171753,1.75,1.702725887298584
2,5.931490421295166,1.1000351905822754,1,True,1.75,4.186489105224609,0.9678625464439392,4.370569229125977,0.9818054437637329,1.749999761581421,1.5653923749923706
2,3.746234178543091,-1.0958361625671387,1,True,1.0499999999999998,3.17793607711792,-0.21292221546173096,3.230795383453369,-0.2950449585914612,1.0499998331069946,0.9523358941078186
2,0.8042059540748596,-0.21031884849071503,1,True,1.0499999999999998,1.5761637687683105,0.501426100730896,1.5592432022094727,0.4858253598213196,1.0499998331069946,1.0269849300384521
2,1.8290328979492188,2.1523818969726562,0,True,1.0499999999999998,1.032853603363037,1.4678394794464111,1.034365177154541,1.4691393375396729,1.0499999523162842,1.048006296157837
2,1.5588998794555664,1.9596751928329468,0,True,1.0499999999999998,1.2882273197174072,0.9451624155044556,1.3072073459625244,1.0163023471832275,1.0499999523162842,0.9763715863227844
2,-2.4203219413757324,0.8747178316116333,0,True,1.0499999999999998,-1.394199013710022,0.6520708203315735,-1.4241101741790771,0.6585608720779419,1.0499999523162842,1.0193928480148315
2,-3.196784257888794,0.6636990904808044,0,True,1.75,-1.5113716125488281,0.19265305995941162,-1.5402641296386719,0.20072811841964722,1.75,1.7200002670288086
2,6.119335174560547,1.6122533082962036,1,True,1.75,4.373144149780273,1.7276501655578613,4.503632545471191,1.719026803970337,1.7499998807907104,1.6192268133163452
2,-3.2952940464019775,1.334152340888977,0,True,2.1,-1.246683120727539,0.8724238872528076,-1.373077630996704,0.9009113311767578,2.0999999046325684,1.9704349040985107
2,-3.034512996673584,1.4145716428756714,0,True,1.75,-1.3775192499160767,0.8516583442687988,-1.3853399753570557,0.8543151617050171,1.7499998807907104,1.7417402267456055
2,1.7802528142929077,2.0228657722473145,0,True,1.0499999999999998,1.1558058261871338,1.1787296533584595,1.2021410465240479,1.2413661479949951,1.0499999523162842,0.9720879197120667
2,2.0680463314056396,2.0689046382904053,0,True,1.4,0.8923976421356201,1.3087401390075684,1.073082447052002,1.4255695343017578,1.399999976158142,1.184834599494934
2,4.743430137634277,-0.5084878206253052,1,True,1.0499999999999998,3.9659340381622314,0.19720321893692017,4.023387908935547,0.14505508542060852,1.0499999523162842,0.9724089503288269
2,0.3979320824146271,-0.4769389033317566,1,True,1.75,1.547513484954834,0.8425164818763733,1.440568447113037,0.7197679281234741,1.75,1.58719801902771
2,0.527514636516571,-0.5134672522544861,1,True,1.4,1.708031415939331,0.2391149401664734,1.693127155303955,0.22961336374282837,1.399999976158142,1.3823245763778687
2,2.3906102180480957,1.0713834762573242,0,True,1.0499999999999998,1.471328616142273,0.5640165209770203,1.5078511238098145,0.5841739177703857,1.0499999523162842,1.008284091949463
2,3.7679367065429688,-1.7307319641113281,1,True,1.75,3.368166923522949,-0.027005314826965332,3.4220728874206543,-0.25673961639404297,1.7500001192092896,1.514026165008545
2,-2.181905746459961,1.2172253131866455,0,True,1.0499999999999998,-1.460916519165039,0.45389407873153687,-1.4631006717681885,0.4562065005302429,1.0499999523162842,1.0468190908432007
2,2.001317024230957,-1.308161735534668,1,True,1.4,2.0167977809906006,0.09175276756286621,2.0150060653686523,-0.0702684074640274,1.4000000953674316,1.2379690408706665
2,-3.011805534362793,0.02451012283563614,0,True,1.4,-1.9384284019470215,-0.8743009567260742,-2.032334327697754,-0.7956670522689819,1.399999976158142,1.27751886844635
2,2.4115889072418213,-0.9985785484313965,1,True,1.0499999999999998,2.934518337249756,-0.08805954456329346,2.814016342163086,-0.2978767156600952,1.0500000715255737,0.8080413937568665
2,5.266582012176514,-0.5973446369171143,1,True,1.75,3.584160804748535,-0.11572328209877014,3.685670852661133,-0.14478233456611633,1.7500001192092896,1.6444125175476074
2,1.4167795181274414,-0.5959028601646423,1,True,1.0499999999999998,2.1604270935058594,0.14537179470062256,1.9744741916656494,-0.03998751938343048,1.0499999523162842,0.7874422073364258
2,3.304352045059204,-1.458749532699585,1,True,1.4,3.126328468322754,-0.07011449337005615,3.155766487121582,-0.29973548650741577,1.3999998569488525,1.16849946975708
2,-2.5546841621398926,2.1027674674987793,0,True,1.75,-1.126948356628418,1.090803861618042,-1.2642652988433838,1.1881325244903564,1.75,1.5816882848739624
2,-1.034304141998291,2.460690975189209,0,True,1.0499999999999998,-1.1127300262451172,1.4136240482330322,-1.111368179321289,1.431804895401001,1.0499998331069946,1.0317682027816772
2,-1.8721668720245361,2.089388132095337,0,True,1.0499999999999998,-1.1784098148345947,1.301224946975708,-1.1924519538879395,1.3171777725219727,1.0500000715255737,1.0287474393844604
2,5.005859851837158,-0.6032059192657471,1,True,1.4,3.705000877380371,-0.08574533462524414,3.7429375648498535,-0.10083572566509247,1.3999998569488525,1.359171986579895
2,0.2994709610939026,3.165663719177246,0,True,1.4,0.3314480781555176,1.7660290002822876,0.32502222061157227,2.047290325164795,1.399999976158142,1.1186652183532715
2,5.762101650238037,0.17742295563220978,1,True,1.75,4.184146404266357,0.9340977668762207,4.351165771484375,0.8540071249008179,1.7499998807907104,1.5647703409194946
2,0.6513442397117615,3.2058658599853516,0,True,1.4,0.2080104947090149,1.877914309501648,0.2617532014846802,2.0388941764831543,1.399999976158142,1.2302862405776978
2,4.832084655761719,-0.7017979621887207,1,True,1.4,4.07435941696167,0.4754241704940796,4.170504570007324,0.3260502815246582,1.3999998569488525,1.2223584651947021
2,0.18456266820430756,0.7907557487487793,1,True,1.4,1.5778887271881104,0.6542186141014099,1.4655086994171143,0.6652311086654663,1.399999976158142,1.2870815992355347
2,-0.9549415111541748,2.9854815006256104,0,True,1.4,-0.7137065529823303,1.606421709060669,-0.7472851276397705,1.7983784675598145,1.4000000953674316,1.20512855052948
2,6.155420303344727,1.8923959732055664,1,True,1.4,5.223329067230225,2.9370040893554688,5.303461074829102,2.8471994400024414,1.4000000953674316,1.2796422243118286
2,3.486429214477539,0.8699777126312256,0,True,1.0499999999999998,4.485883712768555,0.5481235980987549,4.313167572021484,0.6037429571151733,1.049999713897705,0.8685489296913147
2,-2.3081135749816895,0.8700249195098877,0,True,1.0499999999999998,-1.5554587841033936,0.13789749145507812,-1.5659852027893066,0.1481366753578186,1.0499998331069946,1.0353150367736816
2,1.2744513750076294,3.1510064601898193,0,True,1.4,0.5344483256340027,1.9625639915466309,0.5524038076400757,1.9914007186889648,1.399999976158142,1.3660300970077515
2,0.1983899623155594,2.846130609512329,0,True,1.0499999999999998,-0.27382731437683105,1.9083082675933838,-0.2482830286026001,1.9590392112731934,1.0499999523162842,0.9932008385658264
2,2.172483444213867,-0.8579793572425842,1,True,0.7,2.418034553527832,-0.20246076583862305,2.406888961791992,-0.2322147786617279,0.699999988079071,0.668226957321167
2,5.789616584777832,-0.789977490901947,1,True,2.1,4.048583984375,0.38424772024154663,4.157888412475586,0.31052857637405396,2.0999999046325684,1.9681591987609863
2,-0.22439901530742645,2.389665126800537,0,True,0.7,0.21542032063007355,1.8450928926467896,0.08113802969455719,2.0113577842712402,0.699999988079071,0.4862811267375946
